--
-- Dumping data for table `language`
--

LOCK TABLES `language` WRITE;
/*!40000 ALTER TABLE `language` DISABLE KEYS */;
INSERT INTO `language` VALUES ('en','English','2023-05-25 01:52:52'),('fr','Français','2023-05-25 01:52:52');
/*!40000 ALTER TABLE `language` ENABLE KEYS */;
UNLOCK TABLES;


--
-- Dumping data for table `translation`
--

LOCK TABLES `translation` WRITE;
/*!40000 ALTER TABLE `translation` DISABLE KEYS */;
INSERT INTO `translation` VALUES (1000000001,'2023-05-25 01:52:53'),(1000000002,'2023-05-25 01:52:53'),(1000000003,'2023-05-25 01:52:53'),(1000000004,'2023-05-25 01:52:53'),(1000000101,'2023-05-25 01:52:53'),(1000000102,'2023-05-25 01:52:53'),(1000000103,'2023-05-25 01:52:53'),(1000000104,'2023-05-25 01:52:53'),(1000000105,'2023-05-25 01:52:53'),(1000000106,'2023-05-25 01:52:53'),(1000000107,'2023-05-25 01:52:53'),(1000000108,'2023-05-25 01:52:53'),(1000000109,'2023-05-25 01:52:53'),(1000000110,'2023-05-25 01:52:53'),(1000000111,'2023-05-25 01:52:53'),(1000000112,'2023-05-25 01:52:53'),(1000000113,'2023-05-25 01:52:53'),(1000000114,'2023-05-25 01:52:53'),(1000000115,'2023-05-25 01:52:53'),(1000000116,'2023-05-25 01:52:53'),(1000000117,'2023-05-25 01:52:53'),(1000000118,'2023-05-25 01:52:53'),(1000000119,'2023-05-25 01:52:53'),(1000000120,'2023-05-25 01:52:53'),(1000000121,'2023-05-25 01:52:53'),(1000000122,'2023-05-25 01:52:53'),(1000000123,'2023-05-25 01:52:53'),(1000000124,'2023-05-25 01:52:53'),(1000000125,'2023-05-25 01:52:53'),(1000000126,'2023-05-25 01:52:53'),(1000000127,'2023-05-25 01:52:53'),(1000000128,'2023-05-25 01:52:53'),(1000000129,'2023-05-25 01:52:53'),(1000000130,'2023-05-25 01:52:53'),(1000000131,'2023-05-25 01:52:53'),(1000000132,'2023-05-25 01:52:53'),(1000000133,'2023-05-25 01:52:53'),(1000000134,'2023-05-25 01:52:53'),(1000000135,'2023-05-25 01:52:53'),(1000000136,'2023-05-25 01:52:53'),(1000000137,'2023-05-25 01:52:53'),(1000000138,'2023-05-25 01:52:53'),(1000000139,'2023-05-25 01:52:53'),(1000000140,'2023-05-25 01:52:53'),(1000000141,'2023-05-25 01:52:53'),(1000000142,'2023-05-25 01:52:53'),(1000000143,'2023-05-25 01:52:53'),(1000000144,'2023-05-25 01:52:53'),(1000000145,'2023-05-25 01:52:53'),(1000000146,'2023-05-25 01:52:53'),(1000000147,'2023-05-25 01:52:53'),(1000000148,'2023-05-25 01:52:53'),(1000000149,'2023-05-25 01:52:53'),(1000000150,'2023-05-25 01:52:53'),(1000000151,'2024-03-23 16:23:27'),(1000000152,'2024-04-15 10:11:26'),(1000000153,'2024-04-15 10:32:19'),(1000001001,'2023-05-25 01:52:53'),(1000001002,'2023-05-25 01:52:53'),(1000001003,'2023-05-25 01:52:53'),(1000001004,'2023-05-25 01:52:53'),(1000001005,'2023-05-25 01:52:53'),(1000001006,'2023-05-25 01:52:53'),(1000001007,'2023-05-25 01:52:53'),(1000001008,'2023-05-25 01:52:53'),(1000001009,'2023-05-25 01:52:53'),(1000001010,'2023-05-25 01:52:53'),(1000001011,'2023-05-25 01:52:53'),(1000001012,'2023-05-25 01:52:53'),(1000001013,'2023-05-25 01:52:53'),(1000001014,'2023-05-25 01:52:53'),(1000001015,'2023-05-25 01:52:53'),(1000001016,'2023-05-25 01:52:53'),(1000001017,'2023-05-25 01:52:53'),(1000001018,'2023-05-25 01:52:53'),(1000001019,'2023-05-25 01:52:53'),(1000001020,'2023-05-25 01:52:53'),(1000001021,'2023-05-25 01:52:53'),(1000001022,'2023-05-25 01:52:53'),(1000001023,'2023-05-25 01:52:53'),(1000001024,'2023-05-25 01:52:53'),(1000001025,'2023-05-25 01:52:53'),(1000001026,'2023-05-25 01:52:53'),(1000001027,'2023-05-25 01:52:53'),(1000001028,'2023-05-25 01:52:53'),(1000001029,'2023-05-25 01:52:53'),(1000001030,'2023-05-25 01:52:53'),(1000001031,'2023-05-25 01:52:53'),(1000001032,'2023-05-25 01:52:53'),(1000001033,'2023-05-25 01:52:53'),(1000001034,'2023-05-25 01:52:53'),(1000001035,'2023-05-25 01:52:53'),(1000001036,'2023-05-25 01:52:53'),(1000001037,'2023-05-25 01:52:53'),(1000001038,'2023-05-25 01:52:53'),(1000001039,'2023-05-25 01:52:54'),(1000001040,'2023-05-25 01:52:54'),(1000001041,'2023-05-25 01:52:54'),(1000001042,'2023-05-25 01:52:54'),(1000001043,'2023-05-25 01:52:54'),(1000001044,'2023-05-25 01:52:54'),(1000001045,'2023-05-25 01:52:54'),(1000001046,'2023-05-25 01:52:54'),(1000001047,'2023-05-25 01:52:54'),(1000001048,'2023-05-25 01:52:54'),(1000001049,'2023-05-25 01:52:54'),(1000001050,'2023-05-25 01:52:54'),(1000001051,'2023-05-25 01:52:54'),(1000001052,'2023-05-25 01:52:54'),(1000001053,'2023-05-25 01:52:54'),(1000001054,'2023-05-25 01:52:54'),(1000001055,'2023-05-25 01:52:54'),(1000001056,'2023-05-25 01:52:54'),(1000001057,'2023-05-25 01:52:54'),(1000001058,'2023-05-25 01:52:54'),(1000001059,'2023-05-25 01:52:54'),(1000001060,'2023-05-25 01:52:54'),(1000001061,'2023-05-25 01:52:54'),(1000001062,'2023-05-25 01:52:54'),(1000001063,'2023-05-25 01:52:54'),(1000001064,'2023-05-25 01:52:54'),(1000001065,'2023-05-25 01:52:54'),(1000001066,'2023-05-25 01:52:54'),(1000001067,'2023-05-25 01:52:54'),(1000001068,'2023-05-25 01:52:54'),(1000001069,'2023-05-25 01:52:54'),(1000001070,'2023-05-25 01:52:54'),(1000001071,'2023-05-25 01:52:54'),(1000001072,'2023-05-25 01:52:54'),(1000001073,'2023-05-25 01:52:54'),(1000001074,'2023-05-25 01:52:54'),(1000001075,'2023-05-25 01:52:54'),(1000001076,'2023-05-25 01:52:54'),(1000001077,'2023-05-25 01:52:54'),(1000001078,'2023-05-25 01:52:54'),(1000001079,'2023-05-25 01:52:54'),(1000001080,'2023-05-25 01:52:54'),(1000001081,'2023-05-25 01:52:54'),(1000001082,'2023-05-25 01:52:54'),(1000001083,'2023-05-25 01:52:54'),(1000001084,'2023-05-25 01:52:54'),(1000001085,'2023-05-25 01:52:54'),(1000001086,'2023-05-25 01:52:54'),(1000001087,'2023-05-25 01:52:54'),(1000001088,'2023-05-25 01:52:54'),(1000001089,'2023-05-25 01:52:54'),(1000001090,'2023-05-25 01:52:54'),(1000001091,'2023-05-25 01:52:54'),(1000001092,'2023-05-25 01:52:54'),(1000001093,'2023-05-25 01:52:54'),(1000001094,'2023-05-25 01:52:54'),(1000001095,'2023-05-25 01:52:54'),(1000001096,'2023-05-25 01:52:54'),(1000001097,'2023-05-25 01:52:54'),(1000001098,'2023-05-25 01:52:54'),(1000001099,'2023-05-25 01:52:54'),(1000001100,'2023-05-25 01:52:54'),(1000001101,'2023-05-25 01:52:54'),(1000001102,'2023-05-25 01:52:54'),(1000001103,'2023-05-25 01:52:54'),(1000001104,'2023-05-25 01:52:54'),(1000001105,'2023-05-25 01:52:54'),(1000001106,'2023-05-25 01:52:54'),(1000001107,'2023-05-25 01:52:54'),(1000001108,'2023-05-25 01:52:54'),(1000001109,'2023-05-25 01:52:54'),(1000001110,'2023-05-25 01:52:54'),(1000001111,'2023-05-25 01:52:54'),(1000001112,'2023-05-25 01:52:54'),(1000001113,'2023-05-25 01:52:54'),(1000001114,'2023-05-25 01:52:54'),(1000001115,'2023-05-25 01:52:54'),(1000001116,'2023-05-25 01:52:54'),(1000001117,'2023-05-25 01:52:54'),(1000001118,'2023-05-25 01:52:54'),(1000001119,'2023-05-25 01:52:54'),(1000001120,'2023-05-25 01:52:54'),(1000001121,'2023-05-25 01:52:54'),(1000001122,'2023-05-25 01:52:54'),(1000001123,'2023-05-25 01:52:54'),(1000001124,'2023-05-25 01:52:54'),(1000001125,'2023-05-25 01:52:54'),(1000001126,'2023-05-25 01:52:54'),(1000001127,'2023-05-25 01:52:54'),(1000001128,'2023-05-25 01:52:54'),(1000001129,'2023-05-25 01:52:54'),(1000001130,'2023-05-25 01:52:54'),(1000001131,'2023-05-25 01:52:54'),(1000001132,'2023-05-25 01:52:54'),(1000001133,'2023-05-25 01:52:54'),(1000001134,'2023-05-25 01:52:54'),(1000001135,'2023-05-25 01:52:54'),(1000001136,'2023-05-25 01:52:54'),(1000001137,'2023-05-25 01:52:54'),(1000001138,'2023-05-25 01:52:54'),(1000001139,'2023-05-25 01:52:54'),(1000001140,'2023-05-25 01:52:54'),(1000001141,'2023-05-25 01:52:54'),(1000001142,'2023-05-25 01:52:54'),(1000001143,'2023-05-25 01:52:54'),(1000001144,'2023-05-25 01:52:54'),(1000001145,'2023-05-25 01:52:54'),(1000001146,'2023-05-25 01:52:54'),(1000001147,'2023-05-25 01:52:54'),(1000001148,'2023-05-25 01:52:54'),(1000001149,'2023-05-25 01:52:54'),(1000001150,'2023-05-25 01:52:54'),(1000001151,'2023-05-25 01:52:54'),(1000001152,'2023-05-25 01:52:54'),(1000001153,'2023-05-25 01:52:54'),(1000001154,'2023-05-25 01:52:54'),(1000001155,'2023-05-25 01:52:54'),(1000001156,'2023-05-25 01:52:54'),(1000001157,'2023-05-25 01:52:54'),(1000001158,'2023-05-25 01:52:54'),(1000001159,'2023-05-25 01:52:54'),(1000001160,'2023-05-25 01:52:54'),(1000001161,'2023-05-25 01:52:54'),(1000001162,'2023-05-25 01:52:54'),(1000001163,'2023-05-25 01:52:54'),(1000001164,'2023-05-25 01:52:54'),(1000001165,'2023-05-25 01:52:54'),(1000001166,'2023-05-25 01:52:54'),(1000001167,'2023-05-25 01:52:54'),(1000001168,'2023-05-25 01:52:54'),(1000001169,'2023-05-25 01:52:54'),(1000001170,'2023-05-25 01:52:54'),(1000001171,'2023-05-25 01:52:54'),(1000001172,'2023-05-25 01:52:54'),(1000001173,'2023-05-25 01:52:54'),(1000001174,'2023-05-25 01:52:54'),(1000001175,'2023-05-25 01:52:54'),(1000001176,'2023-05-25 01:52:54'),(1000001177,'2023-05-25 01:52:54'),(1000001178,'2023-05-25 01:52:54'),(1000001179,'2023-05-25 01:52:54'),(1000001180,'2023-05-25 01:52:54'),(1000001181,'2023-05-25 01:52:54'),(1000001182,'2023-05-25 01:52:54'),(1000001183,'2023-05-25 01:52:54'),(1000001184,'2023-05-25 01:52:54'),(1000001185,'2023-05-25 01:52:54'),(1000001186,'2023-05-25 01:52:54'),(1000001187,'2023-05-25 01:52:54'),(1000001188,'2023-05-25 01:52:54'),(1000001189,'2023-05-25 01:52:54'),(1000001190,'2023-05-25 01:52:54'),(1000001191,'2023-11-25 18:29:50'),(1000001192,'2023-11-25 18:33:41'),(1000001193,'2023-11-25 18:35:11'),(1000001194,'2023-11-25 18:38:11'),(1000001195,'2023-11-25 18:39:49'),(1000001196,'2023-11-25 18:41:13'),(1000001197,'2023-11-25 18:42:32'),(1000001198,'2023-11-25 18:44:10'),(1000001199,'2023-11-25 18:45:55'),(1000001200,'2023-11-25 18:47:00'),(1000001201,'2023-11-26 22:34:22'),(1000001202,'2023-11-26 22:35:26'),(1000001203,'2023-12-04 16:23:54'),(1000001204,'2023-12-11 12:10:04'),(1000001205,'2023-12-11 12:11:51'),(1000001206,'2023-12-11 12:18:08'),(1000001207,'2024-03-23 16:25:20'),(1000001208,'2024-03-23 16:26:21'),(1000001209,'2024-03-23 16:31:27'),(1000001210,'2024-04-15 10:07:45'),(1000001211,'2024-04-15 10:12:04'),(1000001212,'2024-04-15 10:32:46'),(1000010001,'2023-05-25 01:52:52'),(1000010002,'2023-05-25 01:52:52'),(1000010003,'2023-05-25 01:52:52'),(1000010004,'2023-05-25 01:52:52'),(1000010005,'2023-05-25 01:52:52'),(1000010006,'2023-05-25 01:52:52'),(1000010007,'2023-05-25 01:52:52'),(1000010008,'2023-05-25 01:52:52'),(1000010009,'2023-05-25 01:52:52'),(1000010010,'2023-05-25 01:52:52'),(1000010011,'2023-05-25 01:52:52'),(1000010012,'2023-05-25 01:52:52'),(1000010013,'2023-05-25 01:52:52'),(1000010014,'2023-05-25 01:52:52'),(1000010015,'2023-05-25 01:52:52'),(1000010016,'2023-05-25 01:52:52'),(1000010017,'2023-05-25 01:52:52'),(1000010018,'2023-05-25 01:52:52'),(1000010019,'2023-05-25 01:52:52'),(1000010020,'2023-05-25 01:52:52'),(1000010021,'2023-05-25 01:52:52'),(1000010022,'2023-05-25 01:52:52'),(1000010023,'2023-05-25 01:52:52'),(1000010024,'2023-05-25 01:52:52'),(1000010025,'2023-05-25 01:52:52'),(1000010026,'2023-05-25 01:52:52'),(1000010027,'2023-05-25 01:52:52'),(1000010028,'2023-05-25 01:52:52'),(1000010029,'2023-05-25 01:52:52'),(1000010030,'2023-05-25 01:52:52'),(1000010031,'2023-05-25 01:52:52'),(1000010032,'2023-05-25 01:52:52'),(1000010033,'2023-05-25 01:52:52'),(1000010034,'2023-05-25 01:52:52'),(1000010035,'2023-05-25 01:52:52'),(1000010036,'2023-05-25 01:52:52'),(1000010037,'2023-05-25 01:52:52'),(1000010038,'2023-05-25 01:52:52'),(1000010039,'2023-05-25 01:52:52'),(1000010040,'2023-05-25 01:52:52'),(1000010041,'2023-05-25 01:52:52'),(1000010042,'2023-05-25 01:52:52'),(1000010043,'2023-05-25 01:52:52'),(1000010044,'2023-05-25 01:52:52'),(1000010045,'2023-05-25 01:52:52'),(1000010046,'2023-05-25 01:52:52'),(1000010047,'2023-05-25 01:52:52'),(1000010048,'2023-05-25 01:52:52'),(1000010049,'2023-05-25 01:52:52'),(1000010050,'2023-05-25 01:52:52'),(1000010051,'2023-05-25 01:52:52'),(1000010052,'2023-11-25 18:11:01'),(1000010053,'2023-12-14 09:55:06'),(1000010054,'2024-03-23 16:07:00'),(1000020001,'2023-05-25 01:52:52'),(1000020002,'2023-05-25 01:52:52'),(1000020003,'2023-05-25 01:52:52'),(1000020004,'2023-05-25 01:52:52'),(1000020005,'2023-05-25 01:52:52'),(1000020006,'2023-05-25 01:52:52'),(1000020007,'2023-05-25 01:52:52'),(1000020008,'2023-05-25 01:52:52'),(1000020009,'2023-05-25 01:52:52'),(1000020010,'2023-05-25 01:52:52'),(1000020011,'2023-05-25 01:52:52'),(1000020012,'2023-05-25 01:52:52'),(1000020013,'2023-05-25 01:52:52'),(1000020014,'2023-05-25 01:52:52'),(1000020015,'2023-05-25 01:52:52'),(1000020016,'2023-05-25 01:52:52'),(1000020017,'2023-05-25 01:52:52'),(1000020018,'2023-05-25 01:52:52'),(1000020019,'2023-05-25 01:52:52'),(1000020020,'2023-05-25 01:52:52'),(1000020021,'2023-05-25 01:52:52'),(1000020022,'2023-05-25 01:52:52'),(1000020023,'2023-05-25 01:52:52'),(1000020024,'2023-05-25 01:52:52'),(1000020025,'2023-05-25 01:52:52'),(1000020026,'2023-05-25 01:52:52'),(1000020027,'2023-05-25 01:52:52'),(1000020028,'2023-05-25 01:52:52'),(1000020029,'2023-05-25 01:52:52'),(1000020030,'2023-05-25 01:52:52'),(1000020031,'2023-05-25 01:52:52'),(1000020032,'2023-05-25 01:52:52'),(1000020033,'2023-05-25 01:52:52'),(1000020034,'2023-05-25 01:52:52'),(1000020035,'2023-05-25 01:52:52'),(1000020036,'2023-05-25 01:52:52'),(1000020037,'2023-05-25 01:52:52'),(1000020038,'2023-05-25 01:52:52'),(1000020039,'2023-05-25 01:52:52'),(1000020040,'2023-05-25 01:52:52'),(1000020041,'2023-05-25 01:52:52'),(1000020042,'2023-05-25 01:52:52'),(1000020043,'2023-05-25 01:52:52'),(1000020044,'2023-05-25 01:52:52'),(1000020045,'2023-05-25 01:52:52'),(1000020046,'2023-05-25 01:52:52'),(1000020047,'2023-05-25 01:52:52'),(1000020048,'2023-05-25 01:52:52'),(1000020049,'2023-05-25 01:52:52'),(1000020050,'2023-05-25 01:52:52'),(1000020051,'2023-05-25 01:52:52'),(1000020052,'2023-11-25 18:11:01'),(1000020053,'2023-12-14 09:55:06'),(1000020054,'2024-03-23 16:07:00'),(1000030001,'2023-05-25 01:52:52'),(1000030002,'2023-05-25 01:52:52'),(1000030003,'2023-05-25 01:52:52'),(1000030004,'2023-05-25 01:52:52'),(1000030005,'2023-05-25 01:52:52'),(1000030006,'2023-05-25 01:52:52'),(1000030007,'2023-05-25 01:52:52'),(1000030008,'2023-05-25 01:52:52'),(1000030009,'2023-05-25 01:52:52'),(1000030010,'2023-05-25 01:52:52'),(1000030011,'2023-05-25 01:52:52'),(1000030012,'2023-05-25 01:52:52'),(1000030013,'2023-05-25 01:52:52'),(1000030014,'2023-05-25 01:52:52'),(1000030015,'2023-05-25 01:52:52'),(1000030016,'2023-05-25 01:52:52'),(1000030017,'2023-05-25 01:52:52'),(1000030018,'2023-05-25 01:52:52'),(1000030019,'2023-05-25 01:52:52'),(1000030020,'2023-05-25 01:52:52'),(1000030021,'2023-05-25 01:52:52'),(1000030022,'2023-05-25 01:52:52'),(1000030023,'2023-05-25 01:52:52'),(1000030024,'2023-05-25 01:52:52'),(1000030025,'2023-05-25 01:52:52'),(1000030026,'2023-05-25 01:52:52'),(1000030027,'2023-05-25 01:52:52'),(1000030028,'2023-05-25 01:52:52'),(1000030029,'2023-05-25 01:52:52'),(1000030030,'2023-05-25 01:52:52'),(1000030031,'2023-05-25 01:52:52'),(1000030032,'2023-05-25 01:52:52'),(1000030033,'2023-05-25 01:52:52'),(1000030034,'2023-05-25 01:52:52'),(1000030035,'2023-05-25 01:52:52'),(1000030036,'2023-05-25 01:52:52'),(1000030037,'2023-05-25 01:52:52'),(1000030038,'2023-05-25 01:52:52'),(1000030039,'2023-05-25 01:52:52'),(1000030040,'2023-05-25 01:52:52'),(1000030041,'2023-05-25 01:52:52'),(1000030042,'2023-05-25 01:52:52'),(1000030043,'2023-05-25 01:52:52'),(1000030044,'2023-05-25 01:52:52'),(1000030045,'2023-05-25 01:52:52'),(1000030046,'2023-05-25 01:52:52'),(1000030047,'2023-05-25 01:52:52'),(1000030048,'2023-05-25 01:52:52'),(1000030049,'2023-05-25 01:52:52'),(1000030050,'2023-05-25 01:52:52'),(1000030051,'2023-05-25 01:52:52'),(1000030052,'2023-11-25 18:11:01'),(1000030053,'2023-12-14 09:55:06'),(1000030054,'2024-03-23 16:07:00');
/*!40000 ALTER TABLE `translation` ENABLE KEYS */;
UNLOCK TABLES;

--
-- Dumping data for table `city`
--

LOCK TABLES `city` WRITE;
/*!40000 ALTER TABLE `city` DISABLE KEYS */;
INSERT INTO `city` VALUES (1,'Ottawa','2023-05-25 01:52:52'),(2,'Toronto','2023-05-25 01:52:52');
/*!40000 ALTER TABLE `city` ENABLE KEYS */;
UNLOCK TABLES;


--
-- Dumping data for table `address`
--

LOCK TABLES `address` WRITE;
/*!40000 ALTER TABLE `address` DISABLE KEYS */;
INSERT INTO `address` VALUES (10001,1000030001,'Ottawa','ON','K1C2X8','Canada',-75.5452580000,45.4664070000,'2023-05-25 01:52:52'),(10002,1000030002,'Ottawa','ON','K1S5T1','Canada',-75.6905330000,45.3892810000,'2023-05-25 01:52:52'),(10003,1000030003,'Ottawa','ON','K1G2H5','Canada',-75.6302300000,45.3910200000,'2023-05-25 01:52:52'),(10004,1000030004,'Ottawa','ON','K2S0B2','Canada',-75.9078880000,45.2630020000,'2023-05-25 01:52:52'),(10005,1000030005,'Ottawa','ON','K1N7M5','Canada',-75.6865990000,45.4307250000,'2023-05-25 01:52:52'),(10006,1000030006,'Ottawa','ON','K1V6W2','Canada',-75.6570370000,45.3676750000,'2023-05-25 01:52:52'),(10007,1000030007,'Ottawa','ON','K1J7N8','Canada',-75.6016130000,45.4375490000,'2023-05-25 01:52:52'),(10008,1000030008,'Ottawa','ON','K2M2Y2','Canada',-75.8579650000,45.2906180000,'2023-05-25 01:52:52'),(10009,1000030009,'Ottawa','ON','K4A0X3','Canada',-75.4620400000,45.4496500000,'2023-05-25 01:52:52'),(10010,1000030010,'Ottawa','ON','K1T3Z4','Canada',-75.5980780000,45.3311620000,'2023-05-25 01:52:52'),(10011,1000030011,'Ottawa','ON','K1T3P8','Canada',-75.6351560000,45.3630690000,'2023-05-25 01:52:52'),(10012,1000030012,'Ottawa','ON','K1Y2Y3','Canada',-75.7242860000,45.4035710000,'2023-05-25 01:52:52'),(10013,1000030013,'Ottawa','ON','K2G1E1','Canada',-75.7265800000,45.3419690000,'2023-05-25 01:52:52'),(10014,1000030014,'Ottawa','ON','K1V0J9','Canada',-75.6728700000,45.3519540000,'2023-05-25 01:52:52'),(10015,1000030015,'Ottawa','ON','K2C4B2','Canada',-75.7465320000,45.3745420000,'2023-05-25 01:52:52'),(10016,1000030016,'Ottawa','ON','K2L1T7','Canada',-75.8839510000,45.2935820000,'2023-05-25 01:52:52'),(10017,1000030017,'Ottawa','ON','K2P2J5','Canada',-75.6895660000,45.4157060000,'2023-05-25 01:52:52'),(10018,1000030018,'Ottawa','ON','K1G2H5','Canada',-75.6302300000,45.3910200000,'2023-05-25 01:52:52'),(10019,1000030019,'Ottawa','ON','K2K2W3','Canada',-75.8954860000,45.3217510000,'2023-05-25 01:52:52'),(10020,1000030020,'Ottawa','ON','K2V1A2','Canada',-75.9017640000,45.2942620000,'2023-05-25 01:52:52'),(10021,1000030021,'Ottawa','ON','K1S5J3','Canada',-75.6823840000,45.4008330000,'2023-05-25 01:52:52'),(10022,1000030022,'Ottawa','ON','K1B5A3','Canada',-75.5631810000,45.4303720000,'2023-05-25 01:52:52'),(10023,1000030023,'Ottawa','ON','K1N8Z6','Canada',-75.6815040000,45.4342760000,'2023-05-25 01:52:52'),(10024,1000030024,'Ottawa','ON','K4M1L7','Canada',-75.6864760000,45.2219710000,'2023-05-25 01:52:52'),(10025,1000030025,'Ottawa','ON','K1R6E5','Canada',-75.7017830000,45.4092490000,'2023-05-25 01:52:52'),(10026,1000030026,'Ottawa','ON','K0A2P0','Canada',-75.4688320000,45.2297880000,'2023-05-25 01:52:52'),(10027,1000030027,'Ottawa','ON','K2J0V1','Canada',-75.7344090000,45.2531150000,'2023-05-25 01:52:52'),(10028,1000030028,'Ottawa','ON','K4B1N1','Canada',-75.4213400000,45.4210900000,'2023-05-25 01:52:52'),(10029,1000030029,'Ottawa','ON','K2G1W2','Canada',-75.7458290000,45.3266100000,'2023-05-25 01:52:52'),(10030,1000030030,'Ottawa','ON','K0A2W0','Canada',-75.6017830000,45.1474790000,'2023-05-25 01:52:52'),(10031,1000030031,'Ottawa','ON','K1K4E7','Canada',-75.6568080000,45.4255310000,'2023-05-25 01:52:52'),(10032,1000030032,'Ottawa','ON','K1J8W6','Canada',-75.6197330000,45.4288390000,'2023-05-25 01:52:52'),(10033,1000030033,'Ottawa','ON','K2C1J3','Canada',-75.7734180000,45.3478760000,'2023-05-25 01:52:52'),(10034,1000030034,'Ottawa','ON','K1R6R9','Canada',-75.7145910000,45.4077750000,'2023-05-25 01:52:52'),(10035,1000030035,'Ottawa','ON','K4C1P6','Canada',-75.4035150000,45.5146480000,'2023-05-25 01:52:52'),(10036,1000030036,'Ottawa','ON','K1E3E8','Canada',-75.4921760000,45.4716280000,'2023-05-25 01:52:52'),(10037,1000030037,'Ottawa','ON','K2K0J3','Canada',-75.9305090000,45.3404150000,'2023-05-25 01:52:52'),(10038,1000030038,'Ottawa','ON','K1L7L5','Canada',-75.6605350000,45.4443740000,'2023-05-25 01:52:52'),(10039,1000030039,'Ottawa','ON','K0A2Z0','Canada',-75.8377860000,45.1956780000,'2023-05-25 01:52:52'),(10040,1000030040,'Ottawa','ON','K1V1N4','Canada',-75.6874690000,45.2773930000,'2023-05-25 01:52:52'),(10041,1000030041,'Ottawa','ON','K1N6Y5','Canada',-75.6740530000,45.4195330000,'2023-05-25 01:52:52'),(10042,1000030042,'Ottawa','ON','K1N6V6','Canada',-75.6776960000,45.4227740000,'2023-05-25 01:52:52'),(10043,1000030043,'Ottawa','ON','K1T1R5','Canada',-75.6355960000,45.3505810000,'2023-05-25 01:52:52'),(10044,1000030044,'Ottawa','ON','K4A4B5','Canada',-75.4617050000,45.4709510000,'2023-05-25 01:52:52'),(10045,1000030045,'Ottawa','ON','K1J7N8','Canada',-75.6002930000,45.4376600000,'2023-05-25 01:52:52'),(10046,1000030046,'Ottawa','ON','K1K0Z8','Canada',-75.6471590000,45.4364730000,'2023-05-25 01:52:52'),(10047,1000030047,'Ottawa','ON','K1Y4M3','Canada',-75.7226680000,45.4080660000,'2023-05-25 01:52:52'),(10048,1000030048,'Ottawa','ON','K0A1L0','Canada',-76.0388030000,45.3490710000,'2023-05-25 01:52:52'),(10049,1000030049,'Ottawa','ON','K2J2G5','Canada',-75.7614100000,45.2804350000,'2023-05-25 01:52:52'),(10050,1000030050,'Kanata','ON','K2L4C9','Canada',-75.8991940000,45.3114250000,'2023-05-25 01:52:52'),(10051,1000030051,'Ottawa','ON','K1N5H9','Canada',-75.6914020000,45.4320850000,'2023-05-25 01:52:52'),(10052,1000030052,'Ottawa','ON','K1V6P9','Canada',-75.6588620000,45.3730210000,'2023-11-25 18:11:02'),(10053,1000030053,'Ottawa','ON','K2B6Z4','Canada',-75.8041420000,45.3599930000,'2023-12-14 09:55:59'),(10054,1000030054,'Ottawa','ON','K1Z6H5','Canada',-75.7315530000,45.3806090000,'2024-03-23 16:07:00');
/*!40000 ALTER TABLE `address` ENABLE KEYS */;
UNLOCK TABLES;

--
-- Dumping data for table `facility`
--

LOCK TABLES `facility` WRITE;
/*!40000 ALTER TABLE `facility` DISABLE KEYS */;
INSERT INTO `facility` VALUES (10001,'613-580-9600','bmrco@ottawa.ca',1000010001,10001,1000020001,1,'2023-05-25 01:52:53'),(10002,'613-580-2090','brewer@ottawa.ca',1000010002,10002,1000020002,1,'2023-05-25 01:52:53'),(10003,'613-247-4869','sports@ottawa.ca',1000010003,10003,1000020003,1,'2023-05-25 01:52:53'),(10004,'613-580-2532','crcg@ottawa.ca',1000010004,10004,1000020004,1,'2023-05-25 01:52:53'),(10005,'6132444402','champagne@ottawa.ca',1000010005,10005,1000020005,1,'2023-05-25 01:52:53'),(10006,'613-247-4820','dak@ottawa.ca',1000010006,10006,1000020006,1,'2023-05-25 01:52:53'),(10007,'613-580-2400','sports@ottawa.ca',1000010007,10007,1000020007,1,'2023-05-25 01:52:53'),(10008,'613-580-2442','ruralwest@ottawa.ca',1000010008,10008,1000020008,1,'2023-05-25 01:52:53'),(10009,'6135808080','fdrc@ottawa.ca',1000010009,10009,1000020009,1,'2023-05-25 01:52:53'),(10010,'613-580-2400','rideauview@ottawa.ca',1000010010,10010,1000020010,1,'2023-05-25 01:52:53'),(10011,'613-580-2805','ccgreenborocc@ottawa.ca',1000010011,10011,1000020011,1,'2023-05-25 01:52:53'),(10012,'613-580-9836','hintonburg@ottawa.ca',1000010012,10012,1000020012,1,'2023-05-25 01:52:53'),(10013,'613-224-3168','sports@ottawa.ca',1000010013,10013,1000020013,1,'2023-05-25 01:52:53'),(10014,'613-580-2990','hcrcc@ottawa.ca',1000010014,10014,1000020014,1,'2023-05-25 01:52:53'),(10015,'613-798-8979','sports@ottawa.ca',1000010015,10015,1000020015,1,'2023-05-25 01:52:53'),(10016,'613-580-2424','sports@ottawa.ca',1000010016,10016,1000020016,1,'2023-05-25 01:52:53'),(10017,'613-580-9848','jpcc@ottawa.ca',1000010017,10017,1000020017,1,'2023-05-25 01:52:53'),(10018,'613-580-3600','jtcrink@ottawa.ca',1000010018,10018,1000020018,1,'2023-05-25 01:52:53'),(10019,'613-580-2980','sports@ottawa.ca',1000010019,10019,1000020019,1,'2023-05-25 01:52:53'),(10020,'6135802570','krc@ottawa.ca',1000010020,10020,1000020020,1,'2023-05-25 01:52:53'),(10021,'613-580-2429','parc.lansdowne.park@ottawa.ca',1000010021,10021,1000020021,1,'2023-05-25 01:52:53'),(10022,'613-824-5197','eastendfacilities@ottawa.ca',1000010022,10022,1000020022,1,'2023-05-25 01:52:53'),(10023,'613-580-2092','lowertown@ottawa.ca',1000010023,10023,1000020023,1,'2023-05-25 01:52:53'),(10024,'613-580-2424','osgooderideaurecreation@ottawa.ca',1000010024,10024,1000020024,1,'2023-05-25 01:52:53'),(10025,'613-564-1070','mcnabb@ottawa.ca',1000010025,10025,1000020025,1,'2023-05-25 01:52:53'),(10026,'613-580-2400','osgooderideaurecreation@ottawa.ca',1000010026,10026,1000020026,1,'2023-05-25 01:52:53'),(10027,'613-727-2683','mrcb@ottawa.ca',1000010027,10027,1000020027,1,'2023-05-25 01:52:53'),(10028,'613-824-0633','eastendfacilities@ottawa.ca',1000010028,10028,1000020028,1,'2023-05-25 01:52:53'),(10029,'613-580-2828','nepeansportsplex@ottawa.ca',1000010029,10029,1000020029,1,'2023-05-25 01:52:53'),(10030,'613-580-2424','osgooderideaurecreation@ottawa.ca',1000010030,10030,1000020030,1,'2023-05-25 01:52:53'),(10031,'613-742-5147','overbrook@ottawa.ca',1000010031,10031,1000020031,1,'2023-05-25 01:52:53'),(10032,'613-748-1771','patclark@ottawa.ca',1000010032,10032,1000020032,1,'2023-05-25 01:52:53'),(10033,'613-580-9676','pinecrest@ottawa.ca',1000010033,10033,1000020033,1,'2023-05-25 01:52:53'),(10034,'613-232-3000','plant@ottawa.ca',1000010034,10034,1000020034,1,'2023-05-25 01:52:53'),(10035,'613-824-0633','eastendfacilities@ottawa.ca',1000010035,10035,1000020035,1,'2023-05-25 01:52:53'),(10036,'613-580-4765','sports@ottawa.ca',1000010036,10036,1000020036,1,'2023-05-25 01:52:53'),(10037,'613-580-9696','rrck@ottawa.ca',1000010037,10037,1000020037,1,'2023-05-25 01:52:53'),(10038,'613-560-6030','richelieu-vanier@ottawa.ca',1000010038,10038,1000020038,1,'2023-05-25 01:52:53'),(10039,'613-580-2400','ruralwest@ottawa.ca',1000010039,10039,1000020039,1,'2023-05-25 01:52:53'),(10040,'613-822-7887','rideauview@ottawa.ca',1000010040,10040,1000020040,1,'2023-05-25 01:52:53'),(10041,'613-580-2400','sports@ottawa.ca',1000010041,10041,1000020041,1,'2023-05-25 01:52:53'),(10042,'613-564-1062','sandyhill@ottawa.ca',1000010042,10042,1000020042,1,'2023-05-25 01:52:53'),(10043,'613-521-4092','sawmill@ottawa.ca',1000010043,10043,1000020043,1,'2023-05-25 01:52:53'),(10044,'613-824-0633','sfcc-ccfs@ottawa.ca',1000010044,10044,1000020044,1,'2023-05-25 01:52:53'),(10045,'613-748-4222','infosplash@ottawa.ca',1000010045,10045,1000020045,1,'2023-05-25 01:52:53'),(10046,'613-742-6767','sports@ottawa.ca',1000010046,10046,1000020046,1,'2023-05-25 01:52:53'),(10047,'613-564-1070','mcnabb@ottawa.ca',1000010047,10047,1000020047,1,'2023-05-25 01:52:53'),(10048,'613-839-3000','sports@ottawa.ca',1000010048,10048,1000020048,1,'2023-05-25 01:52:53'),(10049,'613-580-2788','wbscrentals@ottawa.ca',1000010049,10049,1000020049,1,'2023-05-25 01:52:53'),(10050,'613-580-9677','klc@ottawa.ca',1000010050,10050,1000020050,1,'2023-05-25 01:52:53'),(10051,'613-580-9834','Routhier@ottawa.ca',1000010051,10051,1000020051,1,'2023-05-25 01:52:53'),(10052,'613-247-4808','jimdurrell@ottawa.ca',1000010052,10052,1000020052,1,'2023-11-25 18:11:02'),(10053,'613-828-3313','sports@ottawa.ca',1000010053,10053,1000020053,1,'2023-12-14 09:56:00'),(10054,'613-798-8978','acc@ottawa.ca',1000010054,10054,1000020054,1,'2024-03-23 16:07:00');
/*!40000 ALTER TABLE `facility` ENABLE KEYS */;
UNLOCK TABLES;

--
-- Dumping data for table `category`
--

LOCK TABLES `category` WRITE;
/*!40000 ALTER TABLE `category` DISABLE KEYS */;
INSERT INTO `category` VALUES (11,1000000001,1,'2023-05-25 01:52:53'),(12,1000000002,1,'2023-05-25 01:52:53'),(13,1000000003,1,'2023-05-25 01:52:53'),(14,1000000004,1,'2023-05-25 01:52:53');
/*!40000 ALTER TABLE `category` ENABLE KEYS */;
UNLOCK TABLES;

--
-- Dumping data for table `type`
--

LOCK TABLES `type` WRITE;
/*!40000 ALTER TABLE `type` DISABLE KEYS */;
INSERT INTO `type` VALUES (101,12,1000000101,'2023-05-25 01:52:53'),(102,11,1000000102,'2023-05-25 01:52:53'),(103,14,1000000103,'2023-05-25 01:52:53'),(104,11,1000000104,'2023-05-25 01:52:53'),(105,14,1000000105,'2023-05-25 01:52:53'),(106,11,1000000106,'2023-05-25 01:52:53'),(107,11,1000000107,'2023-05-25 01:52:53'),(108,13,1000000108,'2023-05-25 01:52:53'),(109,13,1000000109,'2023-05-25 01:52:53'),(110,12,1000000110,'2023-05-25 01:52:53'),(111,12,1000000111,'2023-05-25 01:52:53'),(112,14,1000000112,'2023-05-25 01:52:53'),(113,14,1000000113,'2023-05-25 01:52:53'),(114,11,1000000114,'2023-05-25 01:52:53'),(115,12,1000000115,'2023-05-25 01:52:53'),(116,13,1000000116,'2023-05-25 01:52:53'),(117,12,1000000117,'2023-05-25 01:52:53'),(118,12,1000000118,'2023-05-25 01:52:53'),(119,12,1000000119,'2023-05-25 01:52:53'),(120,11,1000000120,'2023-05-25 01:52:53'),(121,12,1000000121,'2023-05-25 01:52:53'),(122,12,1000000122,'2023-05-25 01:52:53'),(123,13,1000000123,'2023-05-25 01:52:53'),(124,12,1000000124,'2023-05-25 01:52:53'),(125,12,1000000125,'2023-05-25 01:52:53'),(126,12,1000000126,'2023-05-25 01:52:53'),(127,13,1000000127,'2023-05-25 01:52:53'),(128,12,1000000128,'2023-05-25 01:52:53'),(129,11,1000000129,'2023-05-25 01:52:53'),(130,11,1000000130,'2023-05-25 01:52:53'),(131,13,1000000131,'2023-05-25 01:52:53'),(132,13,1000000132,'2023-05-25 01:52:53'),(133,13,1000000133,'2023-05-25 01:52:53'),(134,13,1000000134,'2023-05-25 01:52:53'),(135,13,1000000135,'2023-05-25 01:52:53'),(136,12,1000000136,'2023-05-25 01:52:53'),(137,12,1000000137,'2023-05-25 01:52:53'),(138,12,1000000138,'2023-05-25 01:52:53'),(139,13,1000000139,'2023-05-25 01:52:53'),(140,12,1000000140,'2023-05-25 01:52:53'),(141,13,1000000141,'2023-05-25 01:52:53'),(142,11,1000000142,'2023-05-25 01:52:53'),(143,12,1000000143,'2023-05-25 01:52:53'),(144,11,1000000144,'2023-05-25 01:52:53'),(145,12,1000000145,'2023-05-25 01:52:53'),(146,14,1000000146,'2023-05-25 01:52:53'),(147,11,1000000147,'2023-05-25 01:52:53'),(148,13,1000000148,'2023-05-25 01:52:53'),(149,13,1000000149,'2023-05-25 01:52:53'),(150,13,1000000150,'2023-05-25 01:52:53'),(151,13,1000000151,'2024-03-23 16:23:27'),(152,12,1000000152,'2024-04-15 10:11:26'),(153,12,1000000153,'2024-04-15 10:32:19');
/*!40000 ALTER TABLE `type` ENABLE KEYS */;
UNLOCK TABLES;

--
-- Dumping data for table `activity`
--

LOCK TABLES `activity` WRITE;
/*!40000 ALTER TABLE `activity` DISABLE KEYS */;
INSERT INTO `activity` VALUES (1001,101,1000001001,NULL,NULL,'2023-05-25 01:52:54'),(1002,102,1000001002,50,NULL,'2023-05-25 01:52:54'),(1003,103,1000001003,50,NULL,'2023-05-25 01:52:54'),(1004,104,1000001004,50,NULL,'2023-05-25 01:52:54'),(1005,105,1000001005,50,NULL,'2023-05-25 01:52:54'),(1006,105,1000001006,18,NULL,'2023-05-25 01:52:54'),(1007,113,1000001007,18,NULL,'2023-05-25 01:52:54'),(1008,103,1000001008,18,NULL,'2023-05-25 01:52:54'),(1009,106,1000001009,NULL,NULL,'2023-05-25 01:52:54'),(1010,107,1000001010,NULL,NULL,'2023-05-25 01:52:54'),(1011,107,1000001011,NULL,NULL,'2023-05-25 01:52:54'),(1012,107,1000001012,NULL,NULL,'2023-05-25 01:52:54'),(1013,107,1000001013,NULL,NULL,'2023-05-25 01:52:54'),(1014,107,1000001014,NULL,NULL,'2023-05-25 01:52:54'),(1015,107,1000001015,NULL,NULL,'2023-05-25 01:52:54'),(1016,108,1000001016,NULL,NULL,'2023-05-25 01:52:54'),(1017,108,1000001017,16,NULL,'2023-05-25 01:52:54'),(1018,108,1000001018,NULL,NULL,'2023-05-25 01:52:54'),(1019,108,1000001019,18,NULL,'2023-05-25 01:52:54'),(1020,108,1000001020,18,NULL,'2023-05-25 01:52:54'),(1021,108,1000001021,NULL,NULL,'2023-05-25 01:52:54'),(1022,108,1000001022,NULL,NULL,'2023-05-25 01:52:54'),(1023,109,1000001023,NULL,NULL,'2023-05-25 01:52:54'),(1024,109,1000001024,18,NULL,'2023-05-25 01:52:54'),(1025,109,1000001025,NULL,12,'2023-05-25 01:52:54'),(1026,109,1000001026,12,18,'2023-05-25 01:52:54'),(1027,109,1000001027,10,12,'2023-05-25 01:52:54'),(1028,109,1000001028,NULL,NULL,'2023-05-25 01:52:54'),(1029,109,1000001029,NULL,NULL,'2023-05-25 01:52:54'),(1030,110,1000001030,NULL,NULL,'2023-05-25 01:52:54'),(1031,111,1000001031,NULL,NULL,'2023-05-25 01:52:54'),(1032,111,1000001032,50,NULL,'2023-05-25 01:52:54'),(1033,111,1000001033,NULL,NULL,'2023-05-25 01:52:54'),(1034,111,1000001034,50,NULL,'2023-05-25 01:52:54'),(1035,111,1000001035,50,NULL,'2023-05-25 01:52:54'),(1036,112,1000001036,6,12,'2023-05-25 01:52:54'),(1037,105,1000001037,NULL,12,'2023-05-25 01:52:54'),(1038,113,1000001038,NULL,12,'2023-05-25 01:52:54'),(1039,114,1000001039,NULL,NULL,'2023-05-25 01:52:54'),(1040,115,1000001040,NULL,NULL,'2023-05-25 01:52:54'),(1041,116,1000001041,NULL,NULL,'2023-05-25 01:52:54'),(1042,117,1000001042,NULL,NULL,'2023-05-25 01:52:54'),(1043,118,1000001043,NULL,NULL,'2023-05-25 01:52:54'),(1044,103,1000001044,NULL,NULL,'2023-05-25 01:52:54'),(1045,105,1000001045,NULL,NULL,'2023-05-25 01:52:54'),(1046,103,1000001046,NULL,NULL,'2023-05-25 01:52:54'),(1047,119,1000001047,NULL,NULL,'2023-05-25 01:52:54'),(1048,120,1000001048,NULL,NULL,'2023-05-25 01:52:54'),(1049,121,1000001049,NULL,NULL,'2023-05-25 01:52:54'),(1050,112,1000001050,NULL,NULL,'2023-05-25 01:52:54'),(1051,112,1000001051,NULL,NULL,'2023-05-25 01:52:54'),(1052,122,1000001052,NULL,NULL,'2023-05-25 01:52:54'),(1053,123,1000001053,NULL,NULL,'2023-05-25 01:52:54'),(1054,123,1000001054,NULL,NULL,'2023-05-25 01:52:54'),(1055,124,1000001055,NULL,NULL,'2023-05-25 01:52:54'),(1056,120,1000001056,NULL,NULL,'2023-05-25 01:52:54'),(1057,120,1000001057,NULL,NULL,'2023-05-25 01:52:54'),(1058,120,1000001058,NULL,NULL,'2023-05-25 01:52:54'),(1059,120,1000001059,NULL,NULL,'2023-05-25 01:52:54'),(1060,120,1000001060,NULL,NULL,'2023-05-25 01:52:54'),(1061,120,1000001061,NULL,NULL,'2023-05-25 01:52:54'),(1062,125,1000001062,NULL,NULL,'2023-05-25 01:52:54'),(1063,124,1000001063,NULL,NULL,'2023-05-25 01:52:54'),(1064,124,1000001064,NULL,NULL,'2023-05-25 01:52:54'),(1065,124,1000001065,NULL,NULL,'2023-05-25 01:52:54'),(1066,124,1000001066,18,NULL,'2023-05-25 01:52:54'),(1067,126,1000001067,NULL,NULL,'2023-05-25 01:52:54'),(1068,105,1000001068,18,NULL,'2023-05-25 01:52:54'),(1069,105,1000001069,18,NULL,'2023-05-25 01:52:54'),(1070,105,1000001070,35,NULL,'2023-05-25 01:52:54'),(1071,105,1000001071,50,NULL,'2023-05-25 01:52:54'),(1072,127,1000001072,NULL,NULL,'2023-05-25 01:52:54'),(1073,127,1000001073,18,NULL,'2023-05-25 01:52:54'),(1074,127,1000001074,NULL,NULL,'2023-05-25 01:52:54'),(1075,127,1000001075,18,NULL,'2023-05-25 01:52:54'),(1076,127,1000001076,18,NULL,'2023-05-25 01:52:54'),(1077,127,1000001077,16,NULL,'2023-05-25 01:52:54'),(1078,127,1000001078,16,NULL,'2023-05-25 01:52:54'),(1079,127,1000001079,16,NULL,'2023-05-25 01:52:54'),(1080,127,1000001080,16,NULL,'2023-05-25 01:52:54'),(1081,127,1000001081,50,NULL,'2023-05-25 01:52:55'),(1082,128,1000001082,NULL,NULL,'2023-05-25 01:52:55'),(1083,128,1000001083,50,NULL,'2023-05-25 01:52:55'),(1084,129,1000001084,NULL,NULL,'2023-05-25 01:52:55'),(1085,129,1000001085,NULL,NULL,'2023-05-25 01:52:55'),(1086,130,1000001086,NULL,NULL,'2023-05-25 01:52:55'),(1087,130,1000001087,NULL,NULL,'2023-05-25 01:52:55'),(1088,130,1000001088,NULL,NULL,'2023-05-25 01:52:55'),(1089,130,1000001089,NULL,NULL,'2023-05-25 01:52:55'),(1090,130,1000001090,NULL,NULL,'2023-05-25 01:52:55'),(1091,130,1000001091,NULL,NULL,'2023-05-25 01:52:55'),(1092,144,1000001092,NULL,NULL,'2023-05-25 01:52:55'),(1093,103,1000001093,NULL,NULL,'2023-05-25 01:52:55'),(1094,131,1000001094,NULL,NULL,'2023-05-25 01:52:55'),(1095,120,1000001095,NULL,NULL,'2023-05-25 01:52:55'),(1096,132,1000001096,NULL,NULL,'2023-05-25 01:52:55'),(1097,132,1000001097,5,NULL,'2023-05-25 01:52:55'),(1098,133,1000001098,NULL,NULL,'2023-05-25 01:52:55'),(1099,133,1000001099,18,NULL,'2023-05-25 01:52:55'),(1100,133,1000001100,NULL,NULL,'2023-05-25 01:52:55'),(1101,112,1000001101,6,12,'2023-05-25 01:52:55'),(1102,112,1000001102,13,17,'2023-05-25 01:52:55'),(1103,112,1000001103,NULL,12,'2023-05-25 01:52:55'),(1104,103,1000001104,50,NULL,'2023-05-25 01:52:55'),(1105,134,1000001105,NULL,NULL,'2023-05-25 01:52:55'),(1106,134,1000001106,18,NULL,'2023-05-25 01:52:55'),(1107,134,1000001107,12,NULL,'2023-05-25 01:52:55'),(1108,134,1000001108,12,NULL,'2023-05-25 01:52:55'),(1109,134,1000001109,NULL,6,'2023-05-25 01:52:55'),(1110,134,1000001110,NULL,6,'2023-05-25 01:52:55'),(1111,134,1000001111,12,18,'2023-05-25 01:52:55'),(1112,103,1000001112,NULL,NULL,'2023-05-25 01:52:55'),(1113,115,1000001113,NULL,NULL,'2023-05-25 01:52:55'),(1114,135,1000001114,NULL,NULL,'2023-05-25 01:52:55'),(1115,135,1000001115,NULL,NULL,'2023-05-25 01:52:55'),(1116,135,1000001116,NULL,NULL,'2023-05-25 01:52:55'),(1117,136,1000001117,NULL,NULL,'2023-05-25 01:52:55'),(1118,146,1000001118,NULL,NULL,'2023-05-25 01:52:55'),(1119,146,1000001119,3,5,'2023-05-25 01:52:55'),(1120,136,1000001120,NULL,NULL,'2023-05-25 01:52:55'),(1121,136,1000001121,50,NULL,'2023-05-25 01:52:55'),(1122,136,1000001122,50,NULL,'2023-05-25 01:52:55'),(1123,136,1000001123,50,NULL,'2023-05-25 01:52:55'),(1124,136,1000001124,NULL,NULL,'2023-05-25 01:52:55'),(1125,137,1000001125,NULL,NULL,'2023-05-25 01:52:55'),(1126,137,1000001126,50,NULL,'2023-05-25 01:52:55'),(1127,138,1000001127,NULL,NULL,'2023-05-25 01:52:55'),(1128,139,1000001128,NULL,NULL,'2023-05-25 01:52:55'),(1129,139,1000001129,18,NULL,'2023-05-25 01:52:55'),(1130,140,1000001130,NULL,NULL,'2023-05-25 01:52:55'),(1131,141,1000001131,NULL,NULL,'2023-05-25 01:52:55'),(1132,141,1000001132,18,NULL,'2023-05-25 01:52:55'),(1133,141,1000001133,16,NULL,'2023-05-25 01:52:55'),(1134,141,1000001134,13,17,'2023-05-25 01:52:55'),(1135,142,1000001135,NULL,NULL,'2023-05-25 01:52:55'),(1136,143,1000001136,NULL,NULL,'2023-05-25 01:52:55'),(1137,105,1000001137,NULL,NULL,'2023-05-25 01:52:55'),(1138,144,1000001138,NULL,NULL,'2023-05-25 01:52:55'),(1139,121,1000001139,NULL,NULL,'2023-05-25 01:52:55'),(1140,121,1000001140,NULL,NULL,'2023-05-25 01:52:55'),(1141,121,1000001141,NULL,NULL,'2023-05-25 01:52:55'),(1142,105,1000001142,NULL,NULL,'2023-05-25 01:52:55'),(1143,113,1000001143,NULL,NULL,'2023-05-25 01:52:55'),(1144,145,1000001144,NULL,NULL,'2023-05-25 01:52:55'),(1145,145,1000001145,NULL,NULL,'2023-05-25 01:52:55'),(1146,145,1000001146,50,NULL,'2023-05-25 01:52:55'),(1147,121,1000001147,50,NULL,'2023-05-25 01:52:55'),(1148,109,1000001148,12,NULL,'2023-05-25 01:52:55'),(1149,109,1000001149,16,NULL,'2023-05-25 01:52:55'),(1150,145,1000001150,NULL,NULL,'2023-05-25 01:52:55'),(1151,107,1000001151,NULL,NULL,'2023-05-25 01:52:55'),(1152,107,1000001152,NULL,NULL,'2023-05-25 01:52:55'),(1153,107,1000001153,NULL,NULL,'2023-05-25 01:52:55'),(1154,107,1000001154,NULL,NULL,'2023-05-25 01:52:55'),(1155,107,1000001155,NULL,NULL,'2023-05-25 01:52:55'),(1156,107,1000001156,NULL,NULL,'2023-05-25 01:52:55'),(1157,107,1000001157,NULL,NULL,'2023-05-25 01:52:55'),(1158,107,1000001158,NULL,NULL,'2023-05-25 01:52:55'),(1159,129,1000001159,NULL,NULL,'2023-05-25 01:52:55'),(1160,120,1000001160,NULL,NULL,'2023-05-25 01:52:55'),(1161,113,1000001161,NULL,NULL,'2023-05-25 01:52:55'),(1162,105,1000001162,NULL,NULL,'2023-05-25 01:52:55'),(1163,107,1000001163,NULL,NULL,'2023-05-25 01:52:55'),(1164,109,1000001164,13,15,'2023-05-25 01:52:55'),(1165,130,1000001165,NULL,NULL,'2023-05-25 01:52:55'),(1166,147,1000001166,NULL,NULL,'2023-05-25 01:52:55'),(1167,107,1000001167,NULL,NULL,'2023-05-25 01:52:55'),(1168,141,1000001168,13,15,'2023-05-25 01:52:55'),(1169,103,1000001169,18,NULL,'2023-05-25 01:52:55'),(1170,103,1000001170,50,NULL,'2023-05-25 01:52:55'),(1171,107,1000001171,NULL,NULL,'2023-05-25 01:52:55'),(1172,130,1000001172,NULL,NULL,'2023-05-25 01:52:55'),(1173,108,1000001173,18,NULL,'2023-05-25 01:52:55'),(1174,108,1000001174,18,NULL,'2023-05-25 01:52:55'),(1175,108,1000001175,18,NULL,'2023-05-25 01:52:55'),(1176,108,1000001176,18,NULL,'2023-05-25 01:52:55'),(1177,148,1000001177,18,NULL,'2023-05-25 01:52:55'),(1178,148,1000001178,NULL,NULL,'2023-05-25 01:52:55'),(1179,134,1000001179,18,NULL,'2023-05-25 01:52:55'),(1180,134,1000001180,12,18,'2023-05-25 01:52:55'),(1181,149,1000001181,18,NULL,'2023-05-25 01:52:55'),(1182,149,1000001182,NULL,NULL,'2023-05-25 01:52:55'),(1183,150,1000001183,NULL,NULL,'2023-05-25 01:52:55'),(1184,101,1000001184,NULL,NULL,'2023-05-25 01:52:55'),(1185,133,1000001185,NULL,NULL,'2023-05-25 01:52:55'),(1186,105,1000001186,18,NULL,'2023-05-25 01:52:55'),(1187,105,1000001187,12,18,'2023-05-25 01:52:55'),(1188,105,1000001188,50,NULL,'2023-05-25 01:52:55'),(1189,105,1000001189,NULL,18,'2023-05-25 01:52:55'),(1190,105,1000001190,18,NULL,'2023-05-25 01:52:55'),(1191,137,1000001191,NULL,NULL,'2023-11-25 18:29:50'),(1192,105,1000001192,13,NULL,'2023-11-25 18:33:41'),(1193,105,1000001193,18,NULL,'2023-11-25 18:35:11'),(1194,105,1000001194,13,NULL,'2023-11-25 18:38:11'),(1195,127,1000001195,18,NULL,'2023-11-25 18:39:49'),(1196,105,1000001196,NULL,NULL,'2023-11-25 18:41:13'),(1197,121,1000001197,NULL,NULL,'2023-11-25 18:42:32'),(1198,136,1000001198,50,NULL,'2023-11-25 18:44:10'),(1199,105,1000001199,18,NULL,'2023-11-25 18:45:55'),(1200,105,1000001200,18,NULL,'2023-11-25 18:47:00'),(1201,121,1000001201,NULL,NULL,'2023-11-26 22:34:22'),(1202,119,1000001202,NULL,NULL,'2023-11-26 22:35:26'),(1203,127,1000001203,NULL,NULL,'2023-12-04 16:23:54'),(1204,146,1000001204,3,12,'2023-12-11 12:10:05'),(1205,112,1000001205,6,12,'2023-12-11 12:11:51'),(1206,108,1000001206,NULL,NULL,'2023-12-11 12:18:09'),(1207,151,1000001207,NULL,NULL,'2024-03-23 16:25:20'),(1208,151,1000001208,NULL,NULL,'2024-03-23 16:26:21'),(1209,112,1000001209,6,12,'2024-03-23 16:31:27'),(1210,113,1000001210,10,14,'2024-04-15 10:07:45'),(1211,152,1000001211,NULL,NULL,'2024-04-15 10:12:04'),(1212,153,1000001212,NULL,NULL,'2024-04-15 10:32:46');
/*!40000 ALTER TABLE `activity` ENABLE KEYS */;
UNLOCK TABLES;

--
-- Dumping data for table `facility_branch`
--

LOCK TABLES `facility_branch` WRITE;
/*!40000 ALTER TABLE `facility_branch` DISABLE KEYS */;
INSERT INTO `facility_branch` VALUES ('alexandercc',10054,'Complex','https://reservation.frontdesksuite.ca/rcfs/alexandercc','2024-03-23 16:07:00'),('arenabobmacquarrie',10001,'Arena','https://reservation.frontdesksuite.ca/rcfs/arenabobmacquarrie','2023-05-25 01:52:53'),('arenacanterburyrc',10003,'Arena','https://reservation.frontdesksuite.ca/rcfs/arenacanterburyrc','2023-05-25 01:52:53'),('arenacardelrec',10004,'Arena','https://reservation.frontdesksuite.ca/rcfs/arenacardelrec','2023-05-25 01:52:53'),('arenafredbarrett',10010,'Arena','https://reservation.frontdesksuite.ca/rcfs/arenafredbarrett','2023-05-25 01:52:53'),('arenahowarddarwin',10013,'Arena','https://reservation.frontdesksuite.ca/rcfs/arenahowarddarwin','2023-05-25 01:52:53'),('Arenajackcharron',10016,'Arena','https://reservation.frontdesksuite.ca/rcfs/Arenajackcharron','2023-05-25 01:52:53'),('ArenaJadulude',10015,'Arena','https://reservation.frontdesksuite.ca/rcfs/ArenaJadulude','2023-05-25 01:52:53'),('arenajimdurrell',10052,'Arena','https://reservation.frontdesksuite.ca/rcfs/arenajimdurrell','2023-11-25 18:11:02'),('arenajohngmlacak',10019,'Arena','https://reservation.frontdesksuite.ca/rcfs/arenajohngmlacak','2023-05-25 01:52:53'),('arenakanata',10020,'Arena','https://reservation.frontdesksuite.ca/rcfs/arenakanata','2023-05-25 01:52:53'),('arenalarryrobinson',10026,'Arena','https://reservation.frontdesksuite.ca/rcfs/arenalarryrobinson','2023-05-25 01:52:53'),('arenamanotick',10024,'Arena','https://reservation.frontdesksuite.ca/rcfs/arenamanotick','2023-05-25 01:52:53'),('arenamcnabb',10025,'Arena','https://reservation.frontdesksuite.ca/rcfs/arenamcnabb','2023-05-25 01:52:53'),('arenaminto',10027,'Arena','https://reservation.frontdesksuite.ca/rcfs/arenaminto','2023-05-25 01:52:53'),('arenanavan',10028,'Arena','https://reservation.frontdesksuite.ca/rcfs/arenanavan','2023-05-25 01:52:53'),('arenanepean',10029,'Arena','https://reservation.frontdesksuite.ca/rcfs/arenanepean','2023-05-25 01:52:53'),('arenapinecrestrc',10033,'Arena','https://reservation.frontdesksuite.ca/rcfs/arenapinecrestrc','2023-05-25 01:52:53'),('arenarichmond',10039,'Arena','https://reservation.frontdesksuite.ca/rcfs/arenarichmond','2023-05-25 01:52:53'),('arenarjkennedy',10035,'Arena','https://reservation.frontdesksuite.ca/rcfs/arenarjkennedy','2023-05-25 01:52:53'),('arenastuartholmes',10030,'Arena','https://reservation.frontdesksuite.ca/rcfs/arenastuartholmes','2023-05-25 01:52:53'),('arenatombrown',10047,'Arena','https://reservation.frontdesksuite.ca/rcfs/arenatombrown','2023-05-25 01:52:53'),('arenawalterbaker',10049,'Arena','https://reservation.frontdesksuite.ca/rcfs/arenawalterbaker','2023-05-25 01:52:53'),('arenawerskine',10048,'Arena','https://reservation.frontdesksuite.ca/rcfs/arenawerskine','2023-05-25 01:52:53'),('belltowndome',10053,'Arena','https://reservation.frontdesksuite.ca/rcfs/belltowndome','2023-12-14 09:56:00'),('bobmacquarrie',10001,'Complex','https://reservation.frontdesksuite.ca/rcfs/bobmacquarrie','2023-05-25 01:52:53'),('brewerpool',10002,'Complex','https://reservation.frontdesksuite.ca/rcfs/brewerpool','2023-05-25 01:52:53'),('canterbury',10003,'Complex','https://reservation.frontdesksuite.ca/rcfs/canterbury','2023-05-25 01:52:53'),('cardelrec',10004,'Complex','https://reservation.frontdesksuite.ca/rcfs/cardelrec','2023-05-25 01:52:53'),('champagneFC',10005,'Complex','https://reservation.frontdesksuite.ca/rcfs/champagneFC','2023-05-25 01:52:53'),('deborahannekirwan',10006,'Complex','https://reservation.frontdesksuite.ca/rcfs/deborahannekirwan','2023-05-25 01:52:53'),('earlarmstrongarena',10007,'Arena','https://reservation.frontdesksuite.ca/rcfs/earlarmstrongarena','2023-05-25 01:52:53'),('evajamescc',10008,'Complex','https://reservation.frontdesksuite.ca/rcfs/evajamescc','2023-05-25 01:52:53'),('francoisdupuis',10009,'Complex','https://reservation.frontdesksuite.ca/rcfs/francoisdupuis','2023-05-25 01:52:53'),('greenborocommunitycentre',10011,'Complex','https://reservation.frontdesksuite.ca/rcfs/greenborocommunitycentre','2023-05-25 01:52:53'),('hintonburgcc',10012,'Complex','https://reservation.frontdesksuite.ca/rcfs/hintonburgcc','2023-05-25 01:52:53'),('huntclubCC',10014,'Complex','https://reservation.frontdesksuite.ca/rcfs/huntclubCC','2023-05-25 01:52:53'),('JimTubmanRink',10018,'Arena','https://reservation.frontdesksuite.ca/rcfs/JimTubmanRink','2023-05-25 01:52:53'),('jpcc',10017,'Complex','https://reservation.frontdesksuite.ca/rcfs/jpcc','2023-05-25 01:52:53'),('kanataleisurecentre',10050,'Complex','https://reservation.frontdesksuite.ca/rcfs/kanataleisurecentre','2023-05-25 01:52:53'),('lansdowne',10021,'Complex','https://reservation.frontdesksuite.ca/rcfs/lansdowne','2023-05-25 01:52:53'),('loiskemp',10022,'Complex','https://reservation.frontdesksuite.ca/rcfs/loiskemp','2023-05-25 01:52:53'),('lowertown',10023,'Complex','https://reservation.frontdesksuite.ca/rcfs/lowertown','2023-05-25 01:52:53'),('mintobarrhaven',10027,'Complex','https://reservation.frontdesksuite.ca/rcfs/mintobarrhaven','2023-05-25 01:52:53'),('nepeansportsplex',10029,'Complex','https://reservation.frontdesksuite.ca/rcfs/nepeansportsplex','2023-05-25 01:52:53'),('overbrookcc',10031,'Complex','https://reservation.frontdesksuite.ca/rcfs/overbrookcc','2023-05-25 01:52:53'),('patclarkcc',10032,'Complex','https://reservation.frontdesksuite.ca/rcfs/patclarkcc','2023-05-25 01:52:53'),('pinecrest',10033,'Complex','https://reservation.frontdesksuite.ca/rcfs/pinecrest','2023-05-25 01:52:53'),('plant',10034,'Complex','https://reservation.frontdesksuite.ca/rcfs/plant','2023-05-25 01:52:53'),('rayfriel',10036,'Arena','https://reservation.frontdesksuite.ca/rcfs/rayfriel','2023-05-25 01:52:53'),('rayfrielrec',10036,'Complex','https://reservation.frontdesksuite.ca/rcfs/rayfrielrec','2023-05-25 01:52:53'),('richcraftkanata',10037,'Complex','https://reservation.frontdesksuite.ca/rcfs/richcraftkanata','2023-05-25 01:52:53'),('richelieuvanier',10038,'Complex','https://reservation.frontdesksuite.ca/rcfs/richelieuvanier','2023-05-25 01:52:53'),('rideauviewcc',10040,'Complex','https://reservation.frontdesksuite.ca/rcfs/rideauviewcc','2023-05-25 01:52:53'),('routhiercc',10051,'Complex','https://reservation.frontdesksuite.ca/rcfs/routhiercc','2023-05-25 01:52:53'),('sandyhillarena',10041,'Arena','https://reservation.frontdesksuite.ca/rcfs/sandyhillarena','2023-05-25 01:52:53'),('sandyhillcc',10042,'Complex','https://reservation.frontdesksuite.ca/rcfs/sandyhillcc','2023-05-25 01:52:53'),('sawmillcreek',10043,'Complex','https://reservation.frontdesksuite.ca/rcfs/sawmillcreek','2023-05-25 01:52:53'),('slc',10046,'Complex','https://reservation.frontdesksuite.ca/rcfs/slc','2023-05-25 01:52:53'),('southfallingbrook',10044,'Complex','https://reservation.frontdesksuite.ca/rcfs/southfallingbrook','2023-05-25 01:52:53'),('splash',10045,'Complex','https://reservation.frontdesksuite.ca/rcfs/splash','2023-05-25 01:52:53'),('walterbaker',10049,'Complex','https://reservation.frontdesksuite.ca/rcfs/walterbaker','2023-05-25 01:52:53');
/*!40000 ALTER TABLE `facility_branch` ENABLE KEYS */;
UNLOCK TABLES;


--
-- Dumping data for table `language_translation`
--

LOCK TABLES `language_translation` WRITE;
/*!40000 ALTER TABLE `language_translation` DISABLE KEYS */;
INSERT INTO `language_translation` VALUES (1000000001,'en','Swimming','2023-05-25 01:52:53'),(1000000001,'fr','Natation','2023-05-25 01:52:53'),(1000000002,'en','Fitness','2023-05-25 01:52:53'),(1000000002,'fr','Entraînement','2023-05-25 01:52:53'),(1000000003,'en','Sports','2023-05-25 01:52:53'),(1000000003,'fr','Sports','2023-05-25 01:52:53'),(1000000004,'en','Skating','2023-05-25 01:52:53'),(1000000004,'fr','Patinage','2023-05-25 01:52:53'),(1000000101,'en','20-20-20','2023-05-25 01:52:53'),(1000000101,'fr','20-20-20','2023-05-25 01:52:53'),(1000000102,'en','50+ Swim','2023-05-25 01:52:53'),(1000000102,'fr','Bain pour les 50+','2023-05-25 01:52:53'),(1000000103,'en','Skating','2023-05-25 01:52:53'),(1000000103,'fr','Patinage','2023-05-25 01:52:53'),(1000000104,'en','50+ Vitality','2023-05-25 01:52:53'),(1000000104,'fr','Vitalité 50+','2023-05-25 01:52:53'),(1000000105,'en','Hockey','2023-05-25 01:52:53'),(1000000105,'fr','Hockey','2023-05-25 01:52:53'),(1000000106,'en','Alternate Needs Swim','2023-05-25 01:52:53'),(1000000106,'fr','Natation - besoins spéciaux','2023-05-25 01:52:53'),(1000000107,'en','Aquafitness','2023-05-25 01:52:53'),(1000000107,'fr','Aquaforme','2023-05-25 01:52:53'),(1000000108,'en','Badminton','2023-05-25 01:52:53'),(1000000108,'fr','Badminton','2023-05-25 01:52:53'),(1000000109,'en','Basketball','2023-05-25 01:52:53'),(1000000109,'fr','Basketball','2023-05-25 01:52:53'),(1000000110,'en','Bootcamp','2023-05-25 01:52:53'),(1000000110,'fr','Camp d\'entraînement','2023-05-25 01:52:53'),(1000000111,'en','Cardio','2023-05-25 01:52:53'),(1000000111,'fr','Cardio','2023-05-25 01:52:53'),(1000000112,'en','Shinny','2023-05-25 01:52:53'),(1000000112,'fr','Shinny','2023-05-25 01:52:53'),(1000000113,'en','Ringette','2023-05-25 01:52:53'),(1000000113,'fr','Ringuette','2023-05-25 01:52:53'),(1000000114,'en','Chronic Pain','2023-05-25 01:52:53'),(1000000114,'fr','Douleur chroniques','2023-05-25 01:52:53'),(1000000115,'en','Conditioning','2023-05-25 01:52:53'),(1000000115,'fr','Entraînement musculaire','2023-05-25 01:52:53'),(1000000116,'en','Curling','2023-05-25 01:52:53'),(1000000116,'fr','Curling','2023-05-25 01:52:53'),(1000000117,'en','Dance','2023-05-25 01:52:53'),(1000000117,'fr','Danse','2023-05-25 01:52:53'),(1000000118,'en','Drums Alive','2023-05-25 01:52:53'),(1000000118,'fr','Au son du tambour','2023-05-25 01:52:53'),(1000000119,'en','HIIT','2023-05-25 01:52:53'),(1000000119,'fr','HIIT','2023-05-25 01:52:53'),(1000000120,'en','Lane Swim','2023-05-25 01:52:53'),(1000000120,'fr','Longueurs','2023-05-25 01:52:53'),(1000000121,'en','Yoga','2023-05-25 01:52:53'),(1000000121,'fr','Yoga','2023-05-25 01:52:53'),(1000000122,'en','Indoor Cycling','2023-05-25 01:52:53'),(1000000122,'fr','Cardiovélo','2023-05-25 01:52:53'),(1000000123,'en','Indoor Skateboarding','2023-05-25 01:52:53'),(1000000123,'fr','Planche à roulettes','2023-05-25 01:52:53'),(1000000124,'en','Gym','2023-05-25 01:52:53'),(1000000124,'fr','Gymnase','2023-05-25 01:52:53'),(1000000125,'en','Nordic Walking','2023-05-25 01:52:53'),(1000000125,'fr','Club de marche','2023-05-25 01:52:53'),(1000000126,'en','Party Hardy','2023-05-25 01:52:53'),(1000000126,'fr','Fête tonifiante','2023-05-25 01:52:53'),(1000000127,'en','Pickleball','2023-05-25 01:52:53'),(1000000127,'fr','Pickleball','2023-05-25 01:52:53'),(1000000128,'en','Pilates','2023-05-25 01:52:53'),(1000000128,'fr','Pilates','2023-05-25 01:52:53'),(1000000129,'en','Preschool Swim','2023-05-25 01:52:53'),(1000000129,'fr','Bain pour les préscolaire','2023-05-25 01:52:53'),(1000000130,'en','Public Swim','2023-05-25 01:52:53'),(1000000130,'fr','Bain libre','2023-05-25 01:52:53'),(1000000131,'en','Racquetball','2023-05-25 01:52:53'),(1000000131,'fr','Racquetball','2023-05-25 01:52:53'),(1000000132,'en','Rockwall','2023-05-25 01:52:53'),(1000000132,'fr','Mur d\'escalade','2023-05-25 01:52:53'),(1000000133,'en','Rollerskating','2023-05-25 01:52:53'),(1000000133,'fr','Roller','2023-05-25 01:52:53'),(1000000134,'en','Soccer','2023-05-25 01:52:53'),(1000000134,'fr','Soccer','2023-05-25 01:52:53'),(1000000135,'en','Squash','2023-05-25 01:52:53'),(1000000135,'fr','Squash','2023-05-25 01:52:53'),(1000000136,'en','Strength','2023-05-25 01:52:53'),(1000000136,'fr','Force','2023-05-25 01:52:53'),(1000000137,'en','TMC','2023-05-25 01:52:53'),(1000000137,'fr','CMT','2023-05-25 01:52:53'),(1000000138,'en','TRX','2023-05-25 01:52:53'),(1000000138,'fr','TRX','2023-05-25 01:52:53'),(1000000139,'en','Table Tennis','2023-05-25 01:52:53'),(1000000139,'fr','Tennis de table','2023-05-25 01:52:53'),(1000000140,'en','The Groove Method','2023-05-25 01:52:53'),(1000000140,'fr','The Groove Method','2023-05-25 01:52:53'),(1000000141,'en','Volleyball','2023-05-25 01:52:53'),(1000000141,'fr','Volleyball','2023-05-25 01:52:53'),(1000000142,'en','Wave Swim','2023-05-25 01:52:53'),(1000000142,'fr','Vague','2023-05-25 01:52:53'),(1000000143,'en','Weight and Cardio Room','2023-05-25 01:52:53'),(1000000143,'fr','Salle de musculation','2023-05-25 01:52:53'),(1000000144,'en','Women\'s Only Swim','2023-05-25 01:52:53'),(1000000144,'fr','Natation - femmes','2023-05-25 01:52:53'),(1000000145,'en','Zumba','2023-05-25 01:52:53'),(1000000145,'fr','Zumba','2023-05-25 01:52:53'),(1000000146,'en','Stick and Puck','2023-05-25 01:52:53'),(1000000146,'fr','Bâton et rondelle','2023-05-25 01:52:53'),(1000000147,'en','Hot Tub and Sauna','2023-05-25 01:52:53'),(1000000147,'fr','Cuve thermale et sauna','2023-05-25 01:52:53'),(1000000148,'en','Football','2023-05-25 01:52:53'),(1000000148,'fr','Football','2023-05-25 01:52:53'),(1000000149,'en','Frisbee','2023-05-25 01:52:53'),(1000000149,'fr','Disque volant d\'équipe','2023-05-25 01:52:53'),(1000000150,'en','Open Turf','2023-05-25 01:52:53'),(1000000150,'fr','Terrain gazonné libre','2023-05-25 01:52:53'),(1000000151,'en','Skateboarding','2024-03-23 16:23:27'),(1000000151,'fr','Planche à roulettes ','2024-03-23 16:23:27'),(1000000152,'en','Barrefit','2024-04-15 10:11:26'),(1000000152,'fr','Barrefit','2024-04-15 10:11:26'),(1000000153,'en','Intervals','2024-04-15 10:32:19'),(1000000153,'fr','Intervalles','2024-04-15 10:32:19'),(1000001001,'en','20-20-20','2023-05-25 01:52:54'),(1000001001,'fr','20-20-20','2023-05-25 01:52:54'),(1000001002,'en','50+ Swim','2023-05-25 01:52:54'),(1000001002,'fr','Bain pour les 50+','2023-05-25 01:52:54'),(1000001003,'en','50+ Skating','2023-05-25 01:52:54'),(1000001003,'fr','Patinage 50+','2023-05-25 01:52:54'),(1000001004,'en','50+ Vitality','2023-05-25 01:52:54'),(1000001004,'fr','Vitalité 50+','2023-05-25 01:52:54'),(1000001005,'en','50+ Hockey','2023-05-25 01:52:54'),(1000001005,'fr','Hockey 50+','2023-05-25 01:52:54'),(1000001006,'en','Adult Hockey','2023-05-25 01:52:54'),(1000001006,'fr','Hockey - adulte','2023-05-25 01:52:54'),(1000001007,'en','Adult Ringette','2023-05-25 01:52:54'),(1000001007,'fr','Ringuette - adulte','2023-05-25 01:52:54'),(1000001008,'en','Adult Skating','2023-05-25 01:52:54'),(1000001008,'fr','Patinage - adulte','2023-05-25 01:52:54'),(1000001009,'en','Alternate Needs Swim','2023-05-25 01:52:54'),(1000001009,'fr','Baignade pour les personnes ayant des besoins spéciaux','2023-05-25 01:52:54'),(1000001010,'en','Aqua General - Deep','2023-05-25 01:52:54'),(1000001010,'fr','Aqua général eau profonde','2023-05-25 01:52:54'),(1000001011,'en','Aqua General - Shallow','2023-05-25 01:52:54'),(1000001011,'fr','Aqua général eau peu profonde','2023-05-25 01:52:54'),(1000001012,'en','Aqua General (Therapeutic Pool)','2023-05-25 01:52:54'),(1000001012,'fr','Aqua général (piscine thérapeutique seulement)','2023-05-25 01:52:54'),(1000001013,'en','Aqua General - Shallow/Deep Combo','2023-05-25 01:52:54'),(1000001013,'fr','Aquaforme general - eau profonde / eau peu profonde','2023-05-25 01:52:54'),(1000001014,'en','Aqua Lite','2023-05-25 01:52:54'),(1000001014,'fr','Aqua en douceur','2023-05-25 01:52:54'),(1000001015,'en','Aqua Therapy','2023-05-25 01:52:54'),(1000001015,'fr','Aquathérapie','2023-05-25 01:52:54'),(1000001016,'en','Badminton','2023-05-25 01:52:54'),(1000001016,'fr','Badminton','2023-05-25 01:52:54'),(1000001017,'en','Badminton - 16+','2023-05-25 01:52:54'),(1000001017,'fr','Badminton 16+','2023-05-25 01:52:54'),(1000001018,'en','Badminton - Family','2023-05-25 01:52:54'),(1000001018,'fr','Badminton - Famille','2023-05-25 01:52:54'),(1000001019,'en','Badminton - Adult','2023-05-25 01:52:54'),(1000001019,'fr','Badminton - Adulte','2023-05-25 01:52:54'),(1000001020,'en','Badminton Doubles - Adult','2023-05-25 01:52:54'),(1000001020,'fr','Badminton double - adulte','2023-05-25 01:52:54'),(1000001021,'en','Badminton Doubles - All Ages','2023-05-25 01:52:54'),(1000001021,'fr','Badminton double - tous ages','2023-05-25 01:52:54'),(1000001022,'en','Badminton - Family-Parent with Child','2023-05-25 01:52:54'),(1000001022,'fr','Badminton - Famille-Parent avec enfant','2023-05-25 01:52:54'),(1000001023,'en','Basketball','2023-05-25 01:52:54'),(1000001023,'fr','Basketball','2023-05-25 01:52:54'),(1000001024,'en','Basketball - Adult','2023-05-25 01:52:54'),(1000001024,'fr','Basketball - adulte','2023-05-25 01:52:54'),(1000001025,'en','Basketball - Child','2023-05-25 01:52:54'),(1000001025,'fr','Basketball - enfants','2023-05-25 01:52:54'),(1000001026,'en','Basketball - Youth','2023-05-25 01:52:54'),(1000001026,'fr','Basketball - jeunes','2023-05-25 01:52:54'),(1000001027,'en','Basketball - Child (10-12 years)','2023-05-25 01:52:54'),(1000001027,'fr','Basketball - enfants (10 à 12 ans)','2023-05-25 01:52:54'),(1000001028,'en','Basketball - Family','2023-05-25 01:52:54'),(1000001028,'fr','Basketball - Famille','2023-05-25 01:52:54'),(1000001029,'en','Basketball - Family-Parent with Child','2023-05-25 01:52:54'),(1000001029,'fr','Basketball - Famille-Parent avec enfant','2023-05-25 01:52:54'),(1000001030,'en','Bootcamp','2023-05-25 01:52:54'),(1000001030,'fr','Camp d\'entraînement','2023-05-25 01:52:54'),(1000001031,'en','Cardio','2023-05-25 01:52:54'),(1000001031,'fr','Cardio','2023-05-25 01:52:54'),(1000001032,'en','Cardio - 50+','2023-05-25 01:52:54'),(1000001032,'fr','Cardio - 50+','2023-05-25 01:52:54'),(1000001033,'en','Cardio and Strength','2023-05-25 01:52:54'),(1000001033,'fr','Cardio et musculation','2023-05-25 01:52:54'),(1000001034,'en','Cardio and Strength - Older Adult','2023-05-25 01:52:54'),(1000001034,'fr','Cardio et musculation - 50+','2023-05-25 01:52:54'),(1000001035,'en','Cardio and Strength 50+','2023-05-25 01:52:54'),(1000001035,'fr','Cardio et musculation - 50+','2023-05-25 01:52:54'),(1000001036,'en','Shinny - Child (6-12 years)','2023-05-25 01:52:54'),(1000001036,'fr','Hockey - shinny enfants (6 à 12 ans)','2023-05-25 01:52:54'),(1000001037,'en','Hockey - Child','2023-05-25 01:52:54'),(1000001037,'fr','Hockey - shinny enfants','2023-05-25 01:52:54'),(1000001038,'en','Ringette - Child','2023-05-25 01:52:54'),(1000001038,'fr','Ringuette enfants','2023-05-25 01:52:54'),(1000001039,'en','Chronic Pain','2023-05-25 01:52:54'),(1000001039,'fr','Douleur chroniques','2023-05-25 01:52:54'),(1000001040,'en','Core Conditioning','2023-05-25 01:52:54'),(1000001040,'fr','Entraînement musculaire du tronc','2023-05-25 01:52:54'),(1000001041,'en','Curling - Sheets A Through J','2023-05-25 01:52:54'),(1000001041,'fr','Curling - Planches A à J','2023-05-25 01:52:54'),(1000001042,'en','Dance','2023-05-25 01:52:54'),(1000001042,'fr','Danse','2023-05-25 01:52:54'),(1000001043,'en','Drums Alive','2023-05-25 01:52:54'),(1000001043,'fr','Au son du tambour','2023-05-25 01:52:54'),(1000001044,'en','Family Skating','2023-05-25 01:52:54'),(1000001044,'fr','Patinage famille','2023-05-25 01:52:54'),(1000001045,'en','Family Hockey','2023-05-25 01:52:54'),(1000001045,'fr','Hockey famille','2023-05-25 01:52:54'),(1000001046,'en','Figure Skating','2023-05-25 01:52:54'),(1000001046,'fr','Patinage artistique','2023-05-25 01:52:54'),(1000001047,'en','HIIT','2023-05-25 01:52:54'),(1000001047,'fr','HIIT','2023-05-25 01:52:54'),(1000001048,'en','Half Lane swim','2023-05-25 01:52:54'),(1000001048,'fr','Longueurs (moitié de la piscine)','2023-05-25 01:52:54'),(1000001049,'en','Hatha Yoga','2023-05-25 01:52:54'),(1000001049,'fr','Hatha Yoga','2023-05-25 01:52:54'),(1000001050,'en','Shinny - Child','2023-05-25 01:52:54'),(1000001050,'fr','Hockey - shinny enfants','2023-05-25 01:52:54'),(1000001051,'en','Shinny - Youth','2023-05-25 01:52:54'),(1000001051,'fr','Shinny - jeunes','2023-05-25 01:52:54'),(1000001052,'en','Indoor Cycling','2023-05-25 01:52:54'),(1000001052,'fr','Cardiovélo','2023-05-25 01:52:54'),(1000001053,'en','Indoor Skateboarding','2023-05-25 01:52:54'),(1000001053,'fr','Planche à roulettes - en intérieur','2023-05-25 01:52:54'),(1000001054,'en','Indoor skateboarding - Women and Girls','2023-05-25 01:52:54'),(1000001054,'fr','Planche à roulettes - en intérieur - Femmes et filles','2023-05-25 01:52:54'),(1000001055,'en','Kindergym','2023-05-25 01:52:54'),(1000001055,'fr','Mini gymnase','2023-05-25 01:52:54'),(1000001056,'en','Lane Swim','2023-05-25 01:52:54'),(1000001056,'fr','Longueurs','2023-05-25 01:52:54'),(1000001057,'en','Lane Swim - 25m Pool','2023-05-25 01:52:54'),(1000001057,'fr','Longueurs - piscine 25 m','2023-05-25 01:52:54'),(1000001058,'en','Lane Swim - Long Course','2023-05-25 01:52:54'),(1000001058,'fr','Longueurs - 50m','2023-05-25 01:52:54'),(1000001059,'en','Lane Swim - Reduced Capacity','2023-05-25 01:52:54'),(1000001059,'fr','Longueurs - Nombres réduit','2023-05-25 01:52:54'),(1000001060,'en','Lane Swim - Shared Pool','2023-05-25 01:52:54'),(1000001060,'fr','Longueurs - piscine partagée','2023-05-25 01:52:54'),(1000001061,'en','Lane Swim - Short Course','2023-05-25 01:52:54'),(1000001061,'fr','Longueurs - 50m peu profonde','2023-05-25 01:52:54'),(1000001062,'en','Nordic Walking','2023-05-25 01:52:54'),(1000001062,'fr','Club de marche','2023-05-25 01:52:54'),(1000001063,'en','Open Gym','2023-05-25 01:52:54'),(1000001063,'fr','Gymnase libre','2023-05-25 01:52:54'),(1000001064,'en','Open Gym - Family','2023-05-25 01:52:54'),(1000001064,'fr','Gymnase libre - Famille','2023-05-25 01:52:54'),(1000001065,'en','Open Gym - Youth','2023-05-25 01:52:54'),(1000001065,'fr','Gymnase libre - Jeunes','2023-05-25 01:52:54'),(1000001066,'en','Open Gym - Adult','2023-05-25 01:52:54'),(1000001066,'fr','Gymnase libre - Adulte','2023-05-25 01:52:54'),(1000001067,'en','Party Hardy','2023-05-25 01:52:54'),(1000001067,'fr','Fête tonifiante','2023-05-25 01:52:54'),(1000001068,'en','Pick-up Hockey - 18+','2023-05-25 01:52:54'),(1000001068,'fr','Hockey improvisé - 18+','2023-05-25 01:52:54'),(1000001069,'en','Pick-up Hockey - Adult','2023-05-25 01:52:54'),(1000001069,'fr','Hockey improvisé - Adulte','2023-05-25 01:52:54'),(1000001070,'en','Pick-up Hockey - 35+','2023-05-25 01:52:54'),(1000001070,'fr','Hockey improvisé - 35+','2023-05-25 01:52:54'),(1000001071,'en','Pick-up Hockey - 50+','2023-05-25 01:52:54'),(1000001071,'fr','Hockey improvisé - 50+','2023-05-25 01:52:54'),(1000001072,'en','Pickleball','2023-05-25 01:52:54'),(1000001072,'fr','Pickleball','2023-05-25 01:52:54'),(1000001073,'en','Pickleball - Adult','2023-05-25 01:52:54'),(1000001073,'fr','Pickleball - Adulte','2023-05-25 01:52:54'),(1000001074,'en','Pickleball - Intermediate','2023-05-25 01:52:54'),(1000001074,'fr','Pickleball - intermédiaire','2023-05-25 01:52:54'),(1000001075,'en','Pickleball - Adult - No Rotations','2023-05-25 01:52:54'),(1000001075,'fr','Pickleball - Adulte - Aucunes rotations','2023-05-25 01:52:54'),(1000001076,'en','Pickleball - Adult - Rotations','2023-05-25 01:52:54'),(1000001076,'fr','Pickleball - Adulte - Rotations','2023-05-25 01:52:54'),(1000001077,'en','Pickleball - 16+','2023-05-25 01:52:54'),(1000001077,'fr','Pickleball - 16+','2023-05-25 01:52:54'),(1000001078,'en','Pickleball - 16+ - Game Play (Regulation Size Courts)','2023-05-25 01:52:54'),(1000001078,'fr','Pickleball 16+ - jeu (terrain réglementaire)','2023-05-25 01:52:54'),(1000001079,'en','Pickleball - 16+ - Recreational Play (Non-Regulation Size Courts)','2023-05-25 01:52:54'),(1000001079,'fr',' Pickleball 16+ - jeu récréatif (terrains non-réglementaires)','2023-05-25 01:52:54'),(1000001080,'en','Pickleball - Intermediate 16+','2023-05-25 01:52:54'),(1000001080,'fr','Pickleball - intermédiaire 16+','2023-05-25 01:52:54'),(1000001081,'en','Pickleball - 50+','2023-05-25 01:52:54'),(1000001081,'fr','Pickleball - 50+','2023-05-25 01:52:54'),(1000001082,'en','Pilates','2023-05-25 01:52:54'),(1000001082,'fr','Pilates','2023-05-25 01:52:54'),(1000001083,'en','Pilates - 50+','2023-05-25 01:52:54'),(1000001083,'fr','Pilates - 50+','2023-05-25 01:52:54'),(1000001084,'en','Preschool Swim','2023-05-25 01:52:54'),(1000001084,'fr','Bain pour les enfants d\'âge préscolaire','2023-05-25 01:52:54'),(1000001085,'en','Preschool Swim - 25m Pool Shallow','2023-05-25 01:52:54'),(1000001085,'fr','Bain pour les enfants  d\'âge préscolaire - piscine 25 m','2023-05-25 01:52:54'),(1000001086,'en','Public Swim','2023-05-25 01:52:54'),(1000001086,'fr','Bain libre','2023-05-25 01:52:54'),(1000001087,'en','Public Swim (Therapeutic Pool Only)','2023-05-25 01:52:54'),(1000001087,'fr','Bain libre (piscine thérapeutique seulement)','2023-05-25 01:52:54'),(1000001088,'en','Public Swim - Leisure Pool Only','2023-05-25 01:52:54'),(1000001088,'fr','Bain libre - Piscine ludique seulement','2023-05-25 01:52:54'),(1000001089,'en','Public Swim - 25m Pool Only','2023-05-25 01:52:54'),(1000001089,'fr','Bain libre (piscine de 25m seulement)','2023-05-25 01:52:54'),(1000001090,'en','Public Swim - 25m Pool - Shallow','2023-05-25 01:52:54'),(1000001090,'fr','Bain libre - piscine 25 m','2023-05-25 01:52:54'),(1000001091,'en','Public Swim With Slide','2023-05-25 01:52:54'),(1000001091,'fr','Bain libres - avec glissade','2023-05-25 01:52:54'),(1000001092,'en','Public Swim - Women\'s Only','2023-05-25 01:52:54'),(1000001092,'fr','Bain libre - femmes seulement','2023-05-25 01:52:54'),(1000001093,'en','Public Skating','2023-05-25 01:52:54'),(1000001093,'fr','Patinage libre','2023-05-25 01:52:54'),(1000001094,'en','Racquetball - Courts 4, 6 and 8','2023-05-25 01:52:54'),(1000001094,'fr','Racquetball - Courts #4, 6 et 8','2023-05-25 01:52:54'),(1000001095,'en','Reduced Lane Swim','2023-05-25 01:52:54'),(1000001095,'fr','Longueurs - nombres réduit','2023-05-25 01:52:54'),(1000001096,'en','Rockwall','2023-05-25 01:52:54'),(1000001096,'fr','Mur d\'escalade','2023-05-25 01:52:54'),(1000001097,'en','Rockwall 5+','2023-05-25 01:52:54'),(1000001097,'fr','Mur d\'escalade 5+','2023-05-25 01:52:54'),(1000001098,'en','Rollerskating','2023-05-25 01:52:54'),(1000001098,'fr','Roller','2023-05-25 01:52:54'),(1000001099,'en','Rollerskating - Adult','2023-05-25 01:52:54'),(1000001099,'fr','Roller - Adulte','2023-05-25 01:52:54'),(1000001100,'en','Rollerskating - Family','2023-05-25 01:52:54'),(1000001100,'fr','Roller - Famille','2023-05-25 01:52:54'),(1000001101,'en','Shinny - Child (6-12 years)','2023-05-25 01:52:54'),(1000001101,'fr','Hockey - shinny enfants (6 à 12 ans)','2023-05-25 01:52:54'),(1000001102,'en','Shinny - Youth (13-17 years)','2023-05-25 01:52:54'),(1000001102,'fr','Hockey - shinny jeunes  (13 à 17 ans)','2023-05-25 01:52:54'),(1000001103,'en','Shinny - Child','2023-05-25 01:52:54'),(1000001103,'fr','Hockey - shinny enfants','2023-05-25 01:52:54'),(1000001104,'en','Skating 50+','2023-05-25 01:52:54'),(1000001104,'fr','Patinage 50+','2023-05-25 01:52:54'),(1000001105,'en','Soccer','2023-05-25 01:52:54'),(1000001105,'fr','Soccer','2023-05-25 01:52:54'),(1000001106,'en','Soccer - Adult','2023-05-25 01:52:54'),(1000001106,'fr','Soccer - Adulte','2023-05-25 01:52:54'),(1000001107,'en','Soccer - Child (English Instruction)','2023-05-25 01:52:54'),(1000001107,'fr','Soccer - enfants (en anglais)','2023-05-25 01:52:54'),(1000001108,'en','Soccer - Child (French Instruction)','2023-05-25 01:52:54'),(1000001108,'fr','Soccer - enfants (en français)','2023-05-25 01:52:54'),(1000001109,'en','Soccer - Preschool (English Instruction)','2023-05-25 01:52:54'),(1000001109,'fr','Soccer - préscolaires (en anglais)','2023-05-25 01:52:54'),(1000001110,'en','Soccer - Preschool (French Instruction)','2023-05-25 01:52:54'),(1000001110,'fr','Soccer - préscolaires (en français)','2023-05-25 01:52:54'),(1000001111,'en','Soccer - Youth','2023-05-25 01:52:54'),(1000001111,'fr','Soccer - jeunesse','2023-05-25 01:52:54'),(1000001112,'en','Speed Skating','2023-05-25 01:52:54'),(1000001112,'fr','Patinage de vitesse','2023-05-25 01:52:54'),(1000001113,'en','Sport Conditioning','2023-05-25 01:52:54'),(1000001113,'fr','Préparation sportif','2023-05-25 01:52:54'),(1000001114,'en','Squash - Courts 1,2,3 and 4','2023-05-25 01:52:54'),(1000001114,'fr','Squash - les courts #1,2,3 et 4','2023-05-25 01:52:54'),(1000001115,'en','Squash - Courts 2,3,4,5','2023-05-25 01:52:54'),(1000001115,'fr','Squash - les courts #2,3,4 et 5','2023-05-25 01:52:54'),(1000001116,'en','Squash - Courts 1, 2, 3, 5, 7 and 9','2023-05-25 01:52:54'),(1000001116,'fr','Squash - les courts #2,3,5,7 et 9','2023-05-25 01:52:54'),(1000001117,'en','Step and Strength','2023-05-25 01:52:54'),(1000001117,'fr','Step et entraînement musculaire ','2023-05-25 01:52:54'),(1000001118,'en','Stick and Puck','2023-05-25 01:52:54'),(1000001118,'fr','Bâton et rondelle','2023-05-25 01:52:54'),(1000001119,'en','Stick and puck - Preschool (3 to 5 years)','2023-05-25 01:52:54'),(1000001119,'fr','Bâton et rondelle - préscolaire (3 à 5 ans)','2023-05-25 01:52:54'),(1000001120,'en','Strength','2023-05-25 01:52:54'),(1000001120,'fr','Force','2023-05-25 01:52:54'),(1000001121,'en','Strength - 50+','2023-05-25 01:52:54'),(1000001121,'fr','Force 50+','2023-05-25 01:52:54'),(1000001122,'en','Strength and Balance - Older Adult','2023-05-25 01:52:54'),(1000001122,'fr','Force et équilibre pour personnes âgées','2023-05-25 01:52:54'),(1000001123,'en','Strength and Balance - 50+','2023-05-25 01:52:54'),(1000001123,'fr','Force et équilibre - 50+','2023-05-25 01:52:54'),(1000001124,'en','Stretch and Strength','2023-05-25 01:52:54'),(1000001124,'fr','Étirement et musculation','2023-05-25 01:52:54'),(1000001125,'en','TMC','2023-05-25 01:52:54'),(1000001125,'fr','CMT','2023-05-25 01:52:54'),(1000001126,'en','TMC - 50+','2023-05-25 01:52:54'),(1000001126,'fr','CMT 50+','2023-05-25 01:52:54'),(1000001127,'en','TRX','2023-05-25 01:52:54'),(1000001127,'fr','TRX','2023-05-25 01:52:54'),(1000001128,'en','Table Tennis','2023-05-25 01:52:54'),(1000001128,'fr','Tennis de table','2023-05-25 01:52:54'),(1000001129,'en','Table Tennis - Adult','2023-05-25 01:52:54'),(1000001129,'fr','Tennis de table - Adulte','2023-05-25 01:52:54'),(1000001130,'en','The Groove Method','2023-05-25 01:52:54'),(1000001130,'fr','The Groove Method','2023-05-25 01:52:54'),(1000001131,'en','Volleyball','2023-05-25 01:52:54'),(1000001131,'fr','Volleyball','2023-05-25 01:52:54'),(1000001132,'en','Volleyball - Adult','2023-05-25 01:52:54'),(1000001132,'fr','Volleyball - Adulte','2023-05-25 01:52:54'),(1000001133,'en','Volleyball - 16+','2023-05-25 01:52:54'),(1000001133,'fr','Volleyball 16+','2023-05-25 01:52:54'),(1000001134,'en','Volleyball - Youth','2023-05-25 01:52:54'),(1000001134,'fr','Volleyball - jeunesse','2023-05-25 01:52:54'),(1000001135,'en','Wave Swim','2023-05-25 01:52:54'),(1000001135,'fr','Vague','2023-05-25 01:52:54'),(1000001136,'en','Weight and Cardio Room','2023-05-25 01:52:54'),(1000001136,'fr','Salle de musculation et d\'entraîment cardio','2023-05-25 01:52:54'),(1000001137,'en','Women\'s Hockey','2023-05-25 01:52:54'),(1000001137,'fr','Hockey - femmes seulement','2023-05-25 01:52:54'),(1000001138,'en','Women\'s Only Swim','2023-05-25 01:52:54'),(1000001138,'fr','Natation - femmes seulement','2023-05-25 01:52:54'),(1000001139,'en','Yoga','2023-05-25 01:52:54'),(1000001139,'fr','Yoga','2023-05-25 01:52:54'),(1000001140,'en','Yoga - Yin','2023-05-25 01:52:54'),(1000001140,'fr','Yoga - Yin','2023-05-25 01:52:54'),(1000001141,'en','Yoga/Pilates','2023-05-25 01:52:54'),(1000001141,'fr','Yoga/Pilates','2023-05-25 01:52:54'),(1000001142,'en','Youth Hockey','2023-05-25 01:52:54'),(1000001142,'fr','Hockey pour les jeunes','2023-05-25 01:52:54'),(1000001143,'en','Youth Ringette','2023-05-25 01:52:54'),(1000001143,'fr','Ringuette Jeunes','2023-05-25 01:52:54'),(1000001144,'en','Zumba','2023-05-25 01:52:54'),(1000001144,'fr','Zumba','2023-05-25 01:52:54'),(1000001145,'en','Zumba Gold','2023-05-25 01:52:54'),(1000001145,'fr','Zumba Gold','2023-05-25 01:52:54'),(1000001146,'en','Zumba Gold - 50+','2023-05-25 01:52:54'),(1000001146,'fr','Zumba Gold - 50+','2023-05-25 01:52:54'),(1000001147,'en','Yoga 50+','2023-05-25 01:52:54'),(1000001147,'fr','Yoga 50+','2023-05-25 01:52:54'),(1000001148,'en','Basketball - 12+','2023-05-25 01:52:54'),(1000001148,'fr','Basketball - 12+','2023-05-25 01:52:54'),(1000001149,'en','Basketball - 16+','2023-05-25 01:52:54'),(1000001149,'fr','Basketball - 16+','2023-05-25 01:52:54'),(1000001150,'en','Zumba Toning','2023-05-25 01:52:54'),(1000001150,'fr','Zumba Tonus','2023-05-25 01:52:54'),(1000001151,'en','Aquafit - Deep','2023-05-25 01:52:54'),(1000001151,'fr','Aquaforme - Eau profonde','2023-05-25 01:52:54'),(1000001152,'en','Aquafit - Shallow','2023-05-25 01:52:54'),(1000001152,'fr','Aquaforme - Eau peu profonde','2023-05-25 01:52:54'),(1000001153,'en','Aquafit - General - Deep','2023-05-25 01:52:54'),(1000001153,'fr','Aquaforme général eau profonde','2023-05-25 01:52:54'),(1000001154,'en','Aquafit - General - Shallow','2023-05-25 01:52:54'),(1000001154,'fr','Aquaforme général eau peu profonde','2023-05-25 01:52:54'),(1000001155,'en','Aquafit Lite - Regular','2023-05-25 01:52:54'),(1000001155,'fr','Aquaforme en douceur','2023-05-25 01:52:54'),(1000001156,'en','Aquafit - General','2023-05-25 01:52:54'),(1000001156,'fr','Aquaforme général','2023-05-25 01:52:54'),(1000001157,'en','Aqualite','2023-05-25 01:52:54'),(1000001157,'fr','Aqua en douceur','2023-05-25 01:52:54'),(1000001158,'en','Aqualite - 25m Pool','2023-05-25 01:52:54'),(1000001158,'fr','Aquaforme en douceur - piscine 25 m','2023-05-25 01:52:54'),(1000001159,'en','Preschool','2023-05-25 01:52:54'),(1000001159,'fr','Bain pour les enfants d\'âge préscolaire','2023-05-25 01:52:54'),(1000001160,'en','Lane Swim - Reduced Capacity - Shared Pool','2023-05-25 01:52:54'),(1000001160,'fr','Longueurs - Nombres réduit - piscine partagée','2023-05-25 01:52:54'),(1000001161,'en','Child Ringette','2023-05-25 01:52:54'),(1000001161,'fr','Ringuette Enfant','2023-05-25 01:52:54'),(1000001162,'en','Child Hockey','2023-05-25 01:52:54'),(1000001162,'fr','Hockey Enfant','2023-05-25 01:52:54'),(1000001163,'en','Aqua General Lite - Therapeutic Pool Only','2023-05-25 01:52:54'),(1000001163,'fr','Aqua général en douceur - piscine thérapeutique seulement','2023-05-25 01:52:54'),(1000001164,'en','Basketball - Youth (13-15 years)','2023-05-25 01:52:54'),(1000001164,'fr','Basketball - Jeunes - (13-15 years)','2023-05-25 01:52:54'),(1000001165,'en','Public Swim - Reduced Capacity (Shared Pool)','2023-05-25 01:52:54'),(1000001165,'fr','Bain libre - Nombres réduit - piscine partagée','2023-05-25 01:52:54'),(1000001166,'en','Hot Tub and Sauna','2023-05-25 01:52:54'),(1000001166,'fr','Cuve thermale et sauna','2023-05-25 01:52:54'),(1000001167,'en','Aquafit Lite','2023-05-25 01:52:54'),(1000001167,'fr','Aquaforme - en douceur','2023-05-25 01:52:54'),(1000001168,'en','Volleyball - Youth (13 to 15 years)','2023-05-25 01:52:54'),(1000001168,'fr','Volleyball - jeunesse (13 à 15 ans)','2023-05-25 01:52:54'),(1000001169,'en','Adult Skate','2023-05-25 01:52:54'),(1000001169,'fr','Patinage - Adulte','2023-05-25 01:52:54'),(1000001170,'en','50+ Skate','2023-05-25 01:52:54'),(1000001170,'fr','Patinage 50+','2023-05-25 01:52:54'),(1000001171,'en','Aquafit Combo','2023-05-25 01:52:54'),(1000001171,'fr','Aquaforme - combo','2023-05-25 01:52:54'),(1000001172,'en','Leisure Swim','2023-05-25 01:52:54'),(1000001172,'fr','Bain libre','2023-05-25 01:52:54'),(1000001173,'en','Badminton - Plastics advanced - adult','2023-05-25 01:52:54'),(1000001173,'fr','Badminton - Pastiques avancès - adultenton','2023-05-25 01:52:54'),(1000001174,'en','Badminton - Feather competitive advanced - adult','2023-05-25 01:52:54'),(1000001174,'fr','Badminton - Plume compètitive avancèe - adulte','2023-05-25 01:52:54'),(1000001175,'en','Badminton - Feather competitive - adult','2023-05-25 01:52:54'),(1000001175,'fr','Badminton - Plume compètitive - adulte','2023-05-25 01:52:54'),(1000001176,'en','Badminton - Feather advanced - adult','2023-05-25 01:52:54'),(1000001176,'fr','Badminton - Plume avancèe - adulte','2023-05-25 01:52:54'),(1000001177,'en','Flag football - Adult - Turf','2023-05-25 01:52:54'),(1000001177,'fr','Football drapeau - adulte - gazonné','2023-05-25 01:52:54'),(1000001178,'en','Flag football - Youth and Family - Turf','2023-05-25 01:52:54'),(1000001178,'fr','Football drapeau - jeunes et famille - gazonné','2023-05-25 01:52:54'),(1000001179,'en','Soccer - Adult - Turf','2023-05-25 01:52:54'),(1000001179,'fr','Soccer - adulte - gazonné','2023-05-25 01:52:54'),(1000001180,'en','Soccer - Youth - Turf','2023-05-25 01:52:54'),(1000001180,'fr','Soccer - jeune - gazonné','2023-05-25 01:52:54'),(1000001181,'en','Ultimate frisbee - Adult - Turf','2023-05-25 01:52:54'),(1000001181,'fr','Disque volant d\'équipe - adultes - gazonné','2023-05-25 01:52:54'),(1000001182,'en','Ultimate frisbee - Youth and Family - Turf','2023-05-25 01:52:54'),(1000001182,'fr','Disque volant d\'équipe - jeunes et famille - gazonné','2023-05-25 01:52:54'),(1000001183,'en','Open Turf','2023-05-25 01:52:54'),(1000001183,'fr','Terrain gazonné libre','2023-05-25 01:52:54'),(1000001184,'en','20/20/20','2023-05-25 01:52:54'),(1000001184,'fr','20/20/20','2023-05-25 01:52:54'),(1000001185,'en','Rollerblade – All Ages','2023-05-25 01:52:54'),(1000001185,'fr','Rollerblade - tous les ages','2023-05-25 01:52:54'),(1000001186,'en','Roller Hockey - Adult','2023-05-25 01:52:54'),(1000001186,'fr','Roller hockey - adulte','2023-05-25 01:52:54'),(1000001187,'en','Roller Hockey - Youth','2023-05-25 01:52:54'),(1000001187,'fr','Roller hockey - jeunes','2023-05-25 01:52:54'),(1000001188,'en','Ball Hockey - 50+','2023-05-25 01:52:54'),(1000001188,'fr','Hockey-balle - 50+','2023-05-25 01:52:54'),(1000001189,'en','Ball Hockey - Child','2023-05-25 01:52:54'),(1000001189,'fr','Ball hockey - enfants','2023-05-25 01:52:54'),(1000001190,'en','Pick-up Hockey - No Contact - Adult','2023-05-25 01:52:54'),(1000001190,'fr','Hockey récréatif improvisé sans contact - adulte','2023-05-25 01:52:54'),(1000001191,'en','TMC - Older Adult','2023-11-25 18:29:50'),(1000001191,'fr','Force pour personnes âgées','2023-11-25 18:29:50'),(1000001192,'en','Stick and Puck - Youth and Adult (ages 13+)','2023-11-25 18:33:41'),(1000001192,'fr','Baton et rondelle - jeunes et adultes (13 ans +)','2023-11-25 18:33:41'),(1000001193,'en','Hockey - 18+','2023-11-25 18:35:11'),(1000001193,'fr','Hockey – 18 ans+','2023-11-25 18:35:11'),(1000001194,'en','Stick and Puck youth and adults (13 years +)','2023-11-25 18:38:11'),(1000001194,'fr','Baton et rondelle - jeunes et adulte (13 ans +)','2023-11-25 18:38:11'),(1000001195,'en','Pickleball 18+ - Recreational Play','2023-11-25 18:39:49'),(1000001195,'fr','Pickleball 18+ - jeu récréatif','2023-11-25 18:39:49'),(1000001196,'en','Pick up Hockey','2023-11-25 18:41:13'),(1000001196,'fr','Hockey improvisé','2023-11-25 18:41:13'),(1000001197,'en','Yoga Tune Up','2023-11-25 18:42:32'),(1000001197,'fr','Yoga Tune Up','2023-11-25 18:42:32'),(1000001198,'en','Balance and strength (Heartwise) - Older Adult','2023-11-25 18:44:10'),(1000001198,'fr','Équilibre et stabilité (Corps à cœur) - personnes âgées','2023-11-25 18:44:10'),(1000001199,'en','Hockey 18+','2023-11-25 18:45:55'),(1000001199,'fr','Hockey – 18 ans+','2023-11-25 18:45:55'),(1000001200,'en','18+ Pick-up Hockey','2023-11-25 18:47:00'),(1000001200,'fr','Hockey improvisé - 18 ans et plus','2023-11-25 18:47:00'),(1000001201,'en','Qigong Yoga','2023-11-26 22:34:22'),(1000001201,'fr','Qigong Yoga','2023-11-26 22:34:22'),(1000001202,'en','HIIT','2023-11-26 22:35:26'),(1000001202,'fr','HIIT','2023-11-26 22:35:26'),(1000001203,'en','Pickleball- family (parent with child)','2023-12-04 16:23:54'),(1000001203,'fr','Pickleball - famille   - parent avec enfant ','2023-12-04 16:23:54'),(1000001204,'en','Stick & Puck Preschool-Child (ages 3-12)','2023-12-11 12:10:05'),(1000001204,'fr','Bâton et rondelle -préscolaire et enfants (3 à 12 ans)','2023-12-11 12:10:05'),(1000001205,'en','Child Shinny (ages 6-12)','2023-12-11 12:11:51'),(1000001205,'fr','Hockey improvisé enfants (6 à 12 ans)','2023-12-11 12:11:51'),(1000001206,'en','Family badminton','2023-12-11 12:18:09'),(1000001206,'fr','Badminton - famille','2023-12-11 12:18:09'),(1000001207,'en','Skateboarding','2024-03-23 16:25:20'),(1000001207,'fr','Planche à roulettes','2024-03-23 16:25:20'),(1000001208,'en','Longboarding','2024-03-23 16:26:21'),(1000001208,'fr','Planche à roulettes longue','2024-03-23 16:26:21'),(1000001209,'en','Shinny Hockey (ages 6 -12)','2024-03-23 16:31:27'),(1000001209,'fr','Hockey shinny enfants (6 à 12 ans)','2024-03-23 16:31:27'),(1000001210,'en','Ringette (10 to 14 years)','2024-04-15 10:07:45'),(1000001210,'fr','Ringuette (10 ans à 14 ans)','2024-04-15 10:07:45'),(1000001211,'en','Barrefit','2024-04-15 10:12:04'),(1000001211,'fr','Barrefit','2024-04-15 10:12:04'),(1000001212,'en','Intervals','2024-04-15 10:32:46'),(1000001212,'fr','Intervalles','2024-04-15 10:32:46'),(1000010001,'en','Bob MacQuarrie Recreation Complex','2023-05-25 01:52:53'),(1000010001,'fr','Complexe récréatif Bob-MacQuarrie','2023-05-25 01:52:53'),(1000010002,'en','Brewer Pool and Arena','2023-05-25 01:52:53'),(1000010002,'fr','Piscine et aréna Brewer','2023-05-25 01:52:53'),(1000010003,'en','Canterbury Recreation Complex','2023-05-25 01:52:53'),(1000010003,'fr','Complexe récréatif Canterbury','2023-05-25 01:52:53'),(1000010004,'en','Cardelrec Recreation Complex','2023-05-25 01:52:53'),(1000010004,'fr','Complexe récréatif Cardelrec','2023-05-25 01:52:53'),(1000010005,'en','Champagne Fitness Centre','2023-05-25 01:52:53'),(1000010005,'fr','Centre de conditionnement physique Champagne','2023-05-25 01:52:53'),(1000010006,'en','Deborah Anne Kirwan Pool','2023-05-25 01:52:53'),(1000010006,'fr','Piscine Deborah-Anne-Kirwan','2023-05-25 01:52:53'),(1000010007,'en','Earl Armstrong Arena','2023-05-25 01:52:53'),(1000010007,'fr','Aréna Earl-Armstrong','2023-05-25 01:52:53'),(1000010008,'en','Eva James Memorial Community Centre','2023-05-25 01:52:53'),(1000010008,'fr','Centre commémoratif Eva-James','2023-05-25 01:52:53'),(1000010009,'en','François Dupuis Recreation Centre','2023-05-25 01:52:53'),(1000010009,'fr','Centre récréatif François-Dupuis','2023-05-25 01:52:53'),(1000010010,'en','Fred Barrett Arena','2023-05-25 01:52:53'),(1000010010,'fr','Aréna Fred-Barrett','2023-05-25 01:52:53'),(1000010011,'en','Greenboro Community Centre','2023-05-25 01:52:53'),(1000010011,'fr','Centre communautaire de Greenboro','2023-05-25 01:52:53'),(1000010012,'en','Hintonburg Community Centre','2023-05-25 01:52:53'),(1000010012,'fr','Centre communautaire de Hintonburg','2023-05-25 01:52:53'),(1000010013,'en','Howard Darwin Centennial Arena','2023-05-25 01:52:53'),(1000010013,'fr','Aréna Centennial Howard-Darwin','2023-05-25 01:52:53'),(1000010014,'en','Hunt Club-Riverside Park Community Centre','2023-05-25 01:52:53'),(1000010014,'fr','Centre communautaire de Hunt Club-Riverside Park','2023-05-25 01:52:53'),(1000010015,'en','J.A. Dulude Arena','2023-05-25 01:52:53'),(1000010015,'fr','Aréna J.-A.-Dulude','2023-05-25 01:52:53'),(1000010016,'en','Jack Charron Arena','2023-05-25 01:52:53'),(1000010016,'fr','Aréna Jack-Charron','2023-05-25 01:52:53'),(1000010017,'en','Jack Purcell Community Centre','2023-05-25 01:52:53'),(1000010017,'fr','Centre communautaire Jack-Purcell','2023-05-25 01:52:53'),(1000010018,'en','Jim Tubman Chevrolet Rink','2023-05-25 01:52:53'),(1000010018,'fr','Patinoire Jim Tubman Chevrolet','2023-05-25 01:52:53'),(1000010019,'en','John G Mlacak Community Centre','2023-05-25 01:52:53'),(1000010019,'fr','Centre communautaire John-G.-Mlacak','2023-05-25 01:52:53'),(1000010020,'en','Tony Graham Recreation Complex - Kanata','2023-05-25 01:52:53'),(1000010020,'fr','Complexe récréatif Tony-Graham – Kanata','2023-05-25 01:52:53'),(1000010021,'en','Lansdowne Park','2023-05-25 01:52:53'),(1000010021,'fr','Parc Lansdowne','2023-05-25 01:52:53'),(1000010022,'en','Lois Kemp Arena (Blackburn)','2023-05-25 01:52:53'),(1000010022,'fr','Aréna Lois-Kemp (Blackburn)','2023-05-25 01:52:53'),(1000010023,'en','Lowertown Pool','2023-05-25 01:52:53'),(1000010023,'fr','Piscine de la Basse-Ville ','2023-05-25 01:52:53'),(1000010024,'en','Manotick Community Centre and Mike O\'Neil Arena','2023-05-25 01:52:53'),(1000010024,'fr','Centre communautaire de Manotick et arène Mike-O\'Neil','2023-05-25 01:52:53'),(1000010025,'en','McNabb Arena and Community Centre','2023-05-25 01:52:53'),(1000010025,'fr','Aréna et Centre communautaire de McNabb','2023-05-25 01:52:53'),(1000010026,'en','Metcalfe Community Centre and Larry Robinson Arena','2023-05-25 01:52:53'),(1000010026,'fr','Centre communautaire de Metcalfe et arène Larry-Robinson','2023-05-25 01:52:53'),(1000010027,'en','Minto Recreation Complex - Barrhaven','2023-05-25 01:52:53'),(1000010027,'fr','Complexe récréatif Minto – Barrhaven','2023-05-25 01:52:53'),(1000010028,'en','Navan Memorial Centre','2023-05-25 01:52:53'),(1000010028,'fr','Centre commémoratif de Navan','2023-05-25 01:52:53'),(1000010029,'en','Nepean Sportsplex','2023-05-25 01:52:53'),(1000010029,'fr','Sportsplex de Nepean','2023-05-25 01:52:53'),(1000010030,'en','Osgoode Community Centre and Stuart Holmes Arena','2023-05-25 01:52:53'),(1000010030,'fr','Centre communautaire d\'Osgoode et aréna Stuart-Holmes','2023-05-25 01:52:53'),(1000010031,'en','Overbrook Community Centre','2023-05-25 01:52:53'),(1000010031,'fr','Centre communautaire Overbrook ','2023-05-25 01:52:53'),(1000010032,'en','Pat Clark Community Centre','2023-05-25 01:52:53'),(1000010032,'fr','Centre communautaire Pat-Clark','2023-05-25 01:52:53'),(1000010033,'en','Pinecrest Recreation Complex','2023-05-25 01:52:53'),(1000010033,'fr','Complexe récréatif Pinecrest','2023-05-25 01:52:53'),(1000010034,'en','Plant Recreation Centre','2023-05-25 01:52:53'),(1000010034,'fr','Centre récréatif Plant','2023-05-25 01:52:53'),(1000010035,'en','R.J. Kennedy Arena','2023-05-25 01:52:53'),(1000010035,'fr','Aréna R.-J.-Kennedy','2023-05-25 01:52:53'),(1000010036,'en','Ray Friel Recreation Complex','2023-05-25 01:52:53'),(1000010036,'fr','Complexe récréatif Ray-Friel','2023-05-25 01:52:53'),(1000010037,'en','Richcraft Recreation Complex','2023-05-25 01:52:53'),(1000010037,'fr','Complexe récréatif Richcraft','2023-05-25 01:52:53'),(1000010038,'en','Richelieu Vanier Community Centre','2023-05-25 01:52:53'),(1000010038,'fr','Centre communautaire Richelieu-Vanier','2023-05-25 01:52:53'),(1000010039,'en','Richmond Memorial Community Centre','2023-05-25 01:52:53'),(1000010039,'fr','Centre communautaire commémoratif de Richmond','2023-05-25 01:52:53'),(1000010040,'en','Rideauview Community Centre','2023-05-25 01:52:53'),(1000010040,'fr','Centre communautaire Rideauview','2023-05-25 01:52:53'),(1000010041,'en','Sandy Hill Arena','2023-05-25 01:52:53'),(1000010041,'fr','Aréna de Côte-de-Sable','2023-05-25 01:52:53'),(1000010042,'en','Sandy Hill Community Centre','2023-05-25 01:52:53'),(1000010042,'fr','Centre communautaire de la Côte-de-Sable','2023-05-25 01:52:53'),(1000010043,'en','Sawmill Creek Community Centre and Pool','2023-05-25 01:52:53'),(1000010043,'fr','Piscine et centre communautaire Sawmill Creek','2023-05-25 01:52:53'),(1000010044,'en','South Fallingbrook Community Centre','2023-05-25 01:52:53'),(1000010044,'fr','Centre communautaire Fallingbrook-Sud','2023-05-25 01:52:53'),(1000010045,'en','Splash Wave Pool','2023-05-25 01:52:53'),(1000010045,'fr','Piscine à vagues Splash','2023-05-25 01:52:53'),(1000010046,'en','St. Laurent Complex','2023-05-25 01:52:53'),(1000010046,'fr','Complexe St-Laurent','2023-05-25 01:52:53'),(1000010047,'en','Tom Brown Arena','2023-05-25 01:52:53'),(1000010047,'fr','Aréna Tom-Brown','2023-05-25 01:52:53'),(1000010048,'en','W. Erskine Johnston Arena','2023-05-25 01:52:53'),(1000010048,'fr','Aréna W.-Erskine-Johnston','2023-05-25 01:52:53'),(1000010049,'en','Walter Baker Sports Centre','2023-05-25 01:52:53'),(1000010049,'fr','Centre sportif Walter-Baker','2023-05-25 01:52:53'),(1000010050,'en','Kanata Leisure Centre and Wave Pool','2023-05-25 01:52:53'),(1000010050,'fr','Centre des loisirs et piscine à vagues de Kanata','2023-05-25 01:52:53'),(1000010051,'en','Routhier Community Centre','2023-05-25 01:52:53'),(1000010051,'fr','Centre communautaire Routhier','2023-05-25 01:52:53'),(1000010052,'en','Jim Durrell Recreation Centre','2023-11-25 18:11:02'),(1000010052,'fr','Centre récréatif Jim-Durrell','2023-11-25 18:11:02'),(1000010053,'en','Belltown Dome','2023-12-14 09:55:06'),(1000010053,'fr','Dôme Belltown','2023-12-14 09:55:06'),(1000010054,'en','Alexander Community Centre','2024-03-23 16:07:00'),(1000010054,'fr','Centre communautaire Alexander','2024-03-23 16:07:00'),(1000020001,'en','https://ottawa.ca/en/recreation-and-parks/recreation-facilities/facility-listing/bob-macquarrie-recreation-complex-orleans','2023-05-25 01:52:53'),(1000020001,'fr','https://ottawa.ca/fr/loisir-et-parcs/installations-recreatives/liste-des-installations/complexe-recreatif-bob-macquarrie-orleans','2023-05-25 01:52:53'),(1000020002,'en','https://ottawa.ca/en/recreation-and-parks/recreation-facilities/facility-listing/brewer-pool-and-arena','2023-05-25 01:52:53'),(1000020002,'fr','https://ottawa.ca/fr/loisir-et-parcs/installations-recreatives/liste-des-installations/piscine-et-arena-brewer','2023-05-25 01:52:53'),(1000020003,'en','https://ottawa.ca/en/recreation-and-parks/recreation-facilities/facility-listing/canterbury-recreation-complex','2023-05-25 01:52:53'),(1000020003,'fr','https://ottawa.ca/fr/loisir-et-parcs/installations-recreatives/liste-des-installations/complexe-recreatif-canterbury','2023-05-25 01:52:53'),(1000020004,'en','https://ottawa.ca/en/recreation-and-parks/recreation-facilities/facility-listing/cardelrec-recreation-complex-goulbourn','2023-05-25 01:52:53'),(1000020004,'fr','https://ottawa.ca/fr/loisir-et-parcs/installations-recreatives/liste-des-installations/complexe-recreatif-cardelrec-goulbourn','2023-05-25 01:52:53'),(1000020005,'en','https://ottawa.ca/en/recreation-and-parks/recreation-facilities/facility-listing/champagne-fitness-centre','2023-05-25 01:52:53'),(1000020005,'fr','https://ottawa.ca/fr/loisir-et-parcs/installations-recreatives/liste-des-installations/centre-de-conditionnement-physique-champagne','2023-05-25 01:52:53'),(1000020006,'en','https://ottawa.ca/en/recreation-and-parks/recreation-facilities/facility-listing/deborah-anne-kirwan-pool','2023-05-25 01:52:53'),(1000020006,'fr','https://ottawa.ca/fr/loisir-et-parcs/installations-recreatives/liste-des-installations/piscine-deborah-anne-kirwan','2023-05-25 01:52:53'),(1000020007,'en','https://ottawa.ca/en/recreation-and-parks/recreation-facilities/facility-listing/earl-armstrong-arena','2023-05-25 01:52:53'),(1000020007,'fr','https://ottawa.ca/fr/loisir-et-parcs/installations-recreatives/liste-des-installations/arena-earl-armstrong','2023-05-25 01:52:53'),(1000020008,'en','https://ottawa.ca/en/recreation-and-parks/recreation-facilities/facility-listing/eva-james-memorial-community-centre','2023-05-25 01:52:53'),(1000020008,'fr','https://ottawa.ca/fr/loisir-et-parcs/installations-recreatives/liste-des-installations/centre-commemoratif-eva-james','2023-05-25 01:52:53'),(1000020009,'en','https://ottawa.ca/en/recreation-and-parks/recreation-facilities/facility-listing/francois-dupuis-recreation-centre','2023-05-25 01:52:53'),(1000020009,'fr','https://ottawa.ca/fr/loisir-et-parcs/installations-recreatives/liste-des-installations/centre-recreatif-francois-dupuis','2023-05-25 01:52:53'),(1000020010,'en','https://ottawa.ca/en/recreation-and-parks/recreation-facilities/facility-listing/fred-barrett-arena','2023-05-25 01:52:53'),(1000020010,'fr','https://ottawa.ca/fr/loisir-et-parcs/installations-recreatives/liste-des-installations/arena-fred-barrett','2023-05-25 01:52:53'),(1000020011,'en','https://ottawa.ca/en/recreation-and-parks/recreation-facilities/facility-listing/greenboro-community-centre','2023-05-25 01:52:53'),(1000020011,'fr','https://ottawa.ca/fr/loisir-et-parcs/installations-recreatives/liste-des-installations/centre-communautaire-de-greenboro','2023-05-25 01:52:53'),(1000020012,'en','https://ottawa.ca/en/recreation-and-parks/recreation-facilities/facility-listing/hintonburg-community-centre','2023-05-25 01:52:53'),(1000020012,'fr','https://ottawa.ca/fr/loisir-et-parcs/installations-recreatives/liste-des-installations/centre-communautaire-de-hintonburg','2023-05-25 01:52:53'),(1000020013,'en','https://ottawa.ca/en/recreation-and-parks/recreation-facilities/facility-listing/howard-darwin-centennial-arena','2023-05-25 01:52:53'),(1000020013,'fr','https://ottawa.ca/fr/loisir-et-parcs/installations-recreatives/liste-des-installations/arena-centennial-howard-darwin','2023-05-25 01:52:53'),(1000020014,'en','https://ottawa.ca/en/recreation-and-parks/recreation-facilities/facility-listing/hunt-club-riverside-park-community-centre','2023-05-25 01:52:53'),(1000020014,'fr','https://ottawa.ca/fr/loisir-et-parcs/installations-recreatives/liste-des-installations/centre-communautaire-de-hunt-club-riverside-park','2023-05-25 01:52:53'),(1000020015,'en','https://ottawa.ca/en/recreation-and-parks/recreation-facilities/facility-listing/ja-dulude-arena','2023-05-25 01:52:53'),(1000020015,'fr','https://ottawa.ca/fr/loisir-et-parcs/installations-recreatives/liste-des-installations/arena-j-dulude','2023-05-25 01:52:53'),(1000020016,'en','https://ottawa.ca/en/recreation-and-parks/recreation-facilities/facility-listing/jack-charron-arena','2023-05-25 01:52:53'),(1000020016,'fr','https://ottawa.ca/fr/loisir-et-parcs/installations-recreatives/liste-des-installations/arena-jack-charron','2023-05-25 01:52:53'),(1000020017,'en','https://ottawa.ca/en/recreation-and-parks/recreation-facilities/facility-listing/jack-purcell-community-centre','2023-05-25 01:52:53'),(1000020017,'fr','https://ottawa.ca/fr/loisir-et-parcs/installations-recreatives/liste-des-installations/centre-communautaire-jack-purcell','2023-05-25 01:52:53'),(1000020018,'en','https://ottawa.ca/en/recreation-and-parks/recreation-facilities/facility-listing/jim-tubman-chevrolet-rink','2023-05-25 01:52:53'),(1000020018,'fr','https://ottawa.ca/fr/loisir-et-parcs/installations-recreatives/liste-des-installations/patinoire-jim-tubman-chevrolet','2023-05-25 01:52:53'),(1000020019,'en','https://ottawa.ca/en/recreation-and-parks/recreation-facilities/facility-listing/john-g-mlacak-community-centre','2023-05-25 01:52:53'),(1000020019,'fr','https://ottawa.ca/fr/loisir-et-parcs/installations-recreatives/liste-des-installations/centre-communautaire-john-g-mlacak','2023-05-25 01:52:53'),(1000020020,'en','https://ottawa.ca/en/recreation-and-parks/recreation-facilities/facility-listing/kanata-recreation-complex','2023-05-25 01:52:53'),(1000020020,'fr','https://ottawa.ca/fr/loisir-et-parcs/installations-recreatives/liste-des-installations/complexe-recreatif-de-kanata','2023-05-25 01:52:53'),(1000020021,'en','https://ottawa.ca/en/recreation-and-parks/recreation-facilities/facility-listing/lansdowne-park','2023-05-25 01:52:53'),(1000020021,'fr','https://ottawa.ca/fr/loisir-et-parcs/installations-recreatives/liste-des-installations/parc-lansdowne','2023-05-25 01:52:53'),(1000020022,'en','https://ottawa.ca/en/recreation-and-parks/recreation-facilities/facility-listing/lois-kemp-arena-blackburn','2023-05-25 01:52:53'),(1000020022,'fr','https://ottawa.ca/fr/loisir-et-parcs/installations-recreatives/liste-des-installations/arena-lois-kemp-blackburn','2023-05-25 01:52:53'),(1000020023,'en','https://ottawa.ca/en/recreation-and-parks/recreation-facilities/facility-listing/lowertown-pool','2023-05-25 01:52:53'),(1000020023,'fr','https://ottawa.ca/fr/loisir-et-parcs/installations-recreatives/liste-des-installations/piscine-de-la-basse-ville','2023-05-25 01:52:53'),(1000020024,'en','https://ottawa.ca/en/recreation-and-parks/recreation-facilities/facility-listing/manotick-community-centre-and-mike-oneil-arena','2023-05-25 01:52:53'),(1000020024,'fr','https://ottawa.ca/fr/loisir-et-parcs/installations-recreatives/liste-des-installations/centre-communautaire-de-manotick-et-arene-mike-oneil','2023-05-25 01:52:53'),(1000020025,'en','https://ottawa.ca/en/recreation-and-parks/recreation-facilities/facility-listing/mcnabb-arena-and-community-centre','2023-05-25 01:52:53'),(1000020025,'fr','https://ottawa.ca/fr/loisir-et-parcs/installations-recreatives/liste-des-installations/arena-et-centre-communautaire-de-mcnabb','2023-05-25 01:52:53'),(1000020026,'en','https://ottawa.ca/en/recreation-and-parks/recreation-facilities/facility-listing/metcalfe-community-centre-and-larry-robinson-arena','2023-05-25 01:52:53'),(1000020026,'fr','https://ottawa.ca/fr/loisir-et-parcs/installations-recreatives/liste-des-installations/centre-communautaire-de-metcalfe-et-arene-larry-robinson','2023-05-25 01:52:53'),(1000020027,'en','https://ottawa.ca/en/recreation-and-parks/recreation-facilities/facility-listing/minto-recreation-complex-barrhaven','2023-05-25 01:52:53'),(1000020027,'fr','https://ottawa.ca/fr/loisir-et-parcs/installations-recreatives/liste-des-installations/complexe-recreatif-minto-barrhaven','2023-05-25 01:52:53'),(1000020028,'en','https://ottawa.ca/en/recreation-and-parks/recreation-facilities/facility-listing/navan-memorial-centre','2023-05-25 01:52:53'),(1000020028,'fr','https://ottawa.ca/fr/loisir-et-parcs/installations-recreatives/liste-des-installations/centre-commemoratif-de-navan','2023-05-25 01:52:53'),(1000020029,'en','https://ottawa.ca/en/recreation-and-parks/recreation-facilities/facility-listing/nepean-sportsplex','2023-05-25 01:52:53'),(1000020029,'fr','https://ottawa.ca/fr/loisir-et-parcs/installations-recreatives/liste-des-installations/sportsplex-de-nepean','2023-05-25 01:52:53'),(1000020030,'en','https://ottawa.ca/en/recreation-and-parks/recreation-facilities/facility-listing/osgoode-community-centre-and-stuart-holmes-arena','2023-05-25 01:52:53'),(1000020030,'fr','https://ottawa.ca/fr/loisir-et-parcs/installations-recreatives/liste-des-installations/centre-communautaire-dosgoode-et-arena-stuart-holmes','2023-05-25 01:52:53'),(1000020031,'en','https://ottawa.ca/en/recreation-and-parks/recreation-facilities/facility-listing/overbrook-community-centre','2023-05-25 01:52:53'),(1000020031,'fr','https://ottawa.ca/fr/loisir-et-parcs/installations-recreatives/liste-des-installations/centre-communautaire-overbrook','2023-05-25 01:52:53'),(1000020032,'en','https://ottawa.ca/en/recreation-and-parks/recreation-facilities/facility-listing/pat-clark-community-centre','2023-05-25 01:52:53'),(1000020032,'fr','https://ottawa.ca/fr/loisir-et-parcs/installations-recreatives/liste-des-installations/centre-communautaire-pat-clark','2023-05-25 01:52:53'),(1000020033,'en','https://ottawa.ca/en/recreation-and-parks/recreation-facilities/facility-listing/pinecrest-recreation-complex','2023-05-25 01:52:53'),(1000020033,'fr','https://ottawa.ca/fr/loisir-et-parcs/installations-recreatives/liste-des-installations/complexe-recreatif-pinecrest','2023-05-25 01:52:53'),(1000020034,'en','https://ottawa.ca/en/recreation-and-parks/recreation-facilities/facility-listing/plant-recreation-centre','2023-05-25 01:52:53'),(1000020034,'fr','https://ottawa.ca/fr/loisir-et-parcs/installations-recreatives/liste-des-installations/centre-recreatif-plant','2023-05-25 01:52:53'),(1000020035,'en','https://ottawa.ca/en/recreation-and-parks/recreation-facilities/facility-listing/rj-kennedy-arena','2023-05-25 01:52:53'),(1000020035,'fr','https://ottawa.ca/fr/loisir-et-parcs/installations-recreatives/liste-des-installations/arena-r-j-kennedy','2023-05-25 01:52:53'),(1000020036,'en','https://ottawa.ca/en/recreation-and-parks/recreation-facilities/facility-listing/ray-friel-recreation-complex','2023-05-25 01:52:53'),(1000020036,'fr','https://ottawa.ca/fr/loisir-et-parcs/installations-recreatives/liste-des-installations/complexe-recreatif-ray-friel','2023-05-25 01:52:53'),(1000020037,'en','https://ottawa.ca/en/recreation-and-parks/recreation-facilities/facility-listing/richcraft-recreation-complex-kanata','2023-05-25 01:52:53'),(1000020037,'fr','https://ottawa.ca/fr/loisir-et-parcs/installations-recreatives/liste-des-installations/complexe-recreatif-richcraft-kanata','2023-05-25 01:52:53'),(1000020038,'en','https://ottawa.ca/en/recreation-and-parks/recreation-facilities/facility-listing/richelieu-vanier-community-centre','2023-05-25 01:52:53'),(1000020038,'fr','https://ottawa.ca/fr/loisir-et-parcs/installations-recreatives/liste-des-installations/centre-communautaire-richelieu-vanier','2023-05-25 01:52:53'),(1000020039,'en','https://ottawa.ca/en/recreation-and-parks/recreation-facilities/facility-listing/richmond-memorial-community-centre','2023-05-25 01:52:53'),(1000020039,'fr','https://ottawa.ca/fr/loisir-et-parcs/installations-recreatives/liste-des-installations/centre-communautaire-commemoratif-de-richmond','2023-05-25 01:52:53'),(1000020040,'en','https://ottawa.ca/en/recreation-and-parks/recreation-facilities/facility-listing/rideauview-community-centre','2023-05-25 01:52:53'),(1000020040,'fr','https://ottawa.ca/fr/loisir-et-parcs/installations-recreatives/liste-des-installations/centre-communautaire-rideauview','2023-05-25 01:52:53'),(1000020041,'en','https://ottawa.ca/en/recreation-and-parks/recreation-facilities/facility-listing/sandy-hill-arena','2023-05-25 01:52:53'),(1000020041,'fr','https://ottawa.ca/fr/loisir-et-parcs/installations-recreatives/liste-des-installations/arena-de-cote-de-sable','2023-05-25 01:52:53'),(1000020042,'en','https://ottawa.ca/en/recreation-and-parks/recreation-facilities/facility-listing/sandy-hill-community-centre','2023-05-25 01:52:53'),(1000020042,'fr','https://ottawa.ca/fr/loisir-et-parcs/installations-recreatives/liste-des-installations/centre-communautaire-de-la-cote-de-sable','2023-05-25 01:52:53'),(1000020043,'en','https://ottawa.ca/en/recreation-and-parks/recreation-facilities/facility-listing/sawmill-creek-community-centre-and-pool','2023-05-25 01:52:53'),(1000020043,'fr','https://ottawa.ca/fr/loisir-et-parcs/installations-recreatives/liste-des-installations/piscine-et-centre-communautaire-sawmill-creek','2023-05-25 01:52:53'),(1000020044,'en','https://ottawa.ca/en/recreation-and-parks/recreation-facilities/facility-listing/south-fallingbrook-community-centre','2023-05-25 01:52:53'),(1000020044,'fr','https://ottawa.ca/fr/loisir-et-parcs/installations-recreatives/liste-des-installations/centre-communautaire-fallingbrook-sud','2023-05-25 01:52:53'),(1000020045,'en','https://ottawa.ca/en/recreation-and-parks/recreation-facilities/facility-listing/splash-wave-pool','2023-05-25 01:52:53'),(1000020045,'fr','https://ottawa.ca/fr/loisir-et-parcs/installations-recreatives/liste-des-installations/piscine-vagues-splash','2023-05-25 01:52:53'),(1000020046,'en','https://ottawa.ca/en/recreation-and-parks/recreation-facilities/facility-listing/st-laurent-complex','2023-05-25 01:52:53'),(1000020046,'fr','https://ottawa.ca/fr/loisir-et-parcs/installations-recreatives/liste-des-installations/complexe-st-laurent','2023-05-25 01:52:53'),(1000020047,'en','https://ottawa.ca/en/recreation-and-parks/recreation-facilities/facility-listing/tom-brown-arena','2023-05-25 01:52:53'),(1000020047,'fr','https://ottawa.ca/fr/loisir-et-parcs/installations-recreatives/liste-des-installations/arena-tom-brown','2023-05-25 01:52:53'),(1000020048,'en','https://ottawa.ca/en/recreation-and-parks/recreation-facilities/facility-listing/w-erskine-johnston-arena','2023-05-25 01:52:53'),(1000020048,'fr','https://ottawa.ca/fr/loisir-et-parcs/installations-recreatives/liste-des-installations/arena-w-erskine-johnston','2023-05-25 01:52:53'),(1000020049,'en','https://ottawa.ca/en/recreation-and-parks/recreation-facilities/facility-listing/walter-baker-sports-centre','2023-05-25 01:52:53'),(1000020049,'fr','https://ottawa.ca/fr/loisir-et-parcs/installations-recreatives/liste-des-installations/centre-sportif-walter-baker','2023-05-25 01:52:53'),(1000020050,'en','https://ottawa.ca/en/recreation-and-parks/recreation-facilities/facility-listing/kanata-leisure-centre-and-wave-pool','2023-05-25 01:52:53'),(1000020050,'fr','https://ottawa.ca/fr/loisir-et-parcs/installations-recreatives/liste-des-installations/centre-des-loisirs-et-piscine-vagues-de-kanata','2023-05-25 01:52:53'),(1000020051,'en','https://ottawa.ca/en/recreation-and-parks/recreation-facilities/facility-listing/routhier-community-centre','2023-05-25 01:52:53'),(1000020051,'fr','https://ottawa.ca/fr/loisir-et-parcs/installations-recreatives/liste-des-installations/centre-communautaire-routhier','2023-05-25 01:52:53'),(1000020052,'en','https://ottawa.ca/en/recreation-and-parks/recreation-facilities/facility-listing/jim-durrell-recreation-centre','2023-11-25 18:11:02'),(1000020052,'fr','https://ottawa.ca/fr/loisir-et-parcs/installations-recreatives/liste-des-installations/centre-recreatif-jim-durrell','2023-11-25 18:11:02'),(1000020053,'en','https://ottawa.ca/en/recreation-and-parks/recreation-facilities/facility-listing/belltown-dome','2023-12-14 09:55:06'),(1000020053,'fr','https://ottawa.ca/fr/loisir-et-parcs/installations-recreatives/liste-des-installations/dome-belltown','2023-12-14 09:55:06'),(1000020054,'en','https://ottawa.ca/en/recreation-and-parks/recreation-facilities/facility-listing/alexander-community-centre','2024-03-23 16:07:00'),(1000020054,'fr','https://ottawa.ca/fr/loisir-et-parcs/installations-recreatives/liste-des-installations/centre-communautaire-alexander','2024-03-23 16:07:00'),(1000030001,'en','1490 Youville Drive','2023-05-25 01:52:52'),(1000030001,'fr','1490, promenade Youville','2023-05-25 01:52:52'),(1000030002,'en','100 Brewer Way','2023-05-25 01:52:52'),(1000030002,'fr','100, voie Brewer','2023-05-25 01:52:52'),(1000030003,'en','2185 Arch Street','2023-05-25 01:52:52'),(1000030003,'fr','2185, rue Arch','2023-05-25 01:52:52'),(1000030004,'en','1500 Shea Road','2023-05-25 01:52:52'),(1000030004,'fr','1500, chemin Shea','2023-05-25 01:52:52'),(1000030005,'en','321 King Edward Avenue','2023-05-25 01:52:52'),(1000030005,'fr','321, avenue King Edward','2023-05-25 01:52:52'),(1000030006,'en','1300 Kitchener Avenue','2023-05-25 01:52:52'),(1000030006,'fr','1300, avenue Kitchener','2023-05-25 01:52:52'),(1000030007,'en','2020 Ogilvie Road','2023-05-25 01:52:52'),(1000030007,'fr','2020, rue Ogilvie','2023-05-25 01:52:52'),(1000030008,'en','65 Stonehaven Drive','2023-05-25 01:52:52'),(1000030008,'fr','65, promenade Stonehaven','2023-05-25 01:52:52'),(1000030009,'en','2263 Portobello Boulevard','2023-05-25 01:52:52'),(1000030009,'fr','2263, boulevard Portobello','2023-05-25 01:52:52'),(1000030010,'en','3280 Leitrim Road','2023-05-25 01:52:52'),(1000030010,'fr','3280, rue Leitrim','2023-05-25 01:52:52'),(1000030011,'en','363 Lorry Greenberg Drive','2023-05-25 01:52:52'),(1000030011,'fr','363, promenade Lorry-Greenberg','2023-05-25 01:52:52'),(1000030012,'en','1064 Wellington Street West','2023-05-25 01:52:52'),(1000030012,'fr','1064, rue Wellington Ouest','2023-05-25 01:52:52'),(1000030013,'en','1765 Merivale Road','2023-05-25 01:52:52'),(1000030013,'fr','1765, rue Merivale','2023-05-25 01:52:52'),(1000030014,'en','3320 Paul Anka Drive','2023-05-25 01:52:52'),(1000030014,'fr','3320, promenade Paul Anka','2023-05-25 01:52:52'),(1000030015,'en','941 Clyde Avenue','2023-05-25 01:52:52'),(1000030015,'fr','941, avenue Clyde','2023-05-25 01:52:52'),(1000030016,'en','10 McKitrick Drive','2023-05-25 01:52:52'),(1000030016,'fr','10, promenade McKitrick','2023-05-25 01:52:52'),(1000030017,'en','320 Jack Purcell Lane','2023-05-25 01:52:52'),(1000030017,'fr','320, allée Jack Purcell','2023-05-25 01:52:52'),(1000030018,'en','2185 Arch Street','2023-05-25 01:52:52'),(1000030018,'fr','2185, rue Arch','2023-05-25 01:52:52'),(1000030019,'en','2500 Campeau Drive','2023-05-25 01:52:52'),(1000030019,'fr','2500, promenade Campeau','2023-05-25 01:52:52'),(1000030020,'en','100 Charlie Rogers Place','2023-05-25 01:52:52'),(1000030020,'fr','100, place Charlie Rogers','2023-05-25 01:52:52'),(1000030021,'en','1525 Princess Patricia','2023-05-25 01:52:52'),(1000030021,'fr','1525, rue Princess Patricia','2023-05-25 01:52:52'),(1000030022,'en','200 Glen Park Drive','2023-05-25 01:52:52'),(1000030022,'fr','200, promenade Glen Park','2023-05-25 01:52:52'),(1000030023,'en','40 Cobourg Street','2023-05-25 01:52:52'),(1000030023,'fr','40, rue Cobourg','2023-05-25 01:52:52'),(1000030024,'en','5572 Doctor Leach Drive','2023-05-25 01:52:52'),(1000030024,'fr','5572, promenade Doctor Leach','2023-05-25 01:52:52'),(1000030025,'en','180 Percy Street','2023-05-25 01:52:52'),(1000030025,'fr','180, rue Percy','2023-05-25 01:52:52'),(1000030026,'en','2785 8th Line','2023-05-25 01:52:52'),(1000030026,'fr','2785, rue 8th Line','2023-05-25 01:52:52'),(1000030027,'en','3500 Cambrian Road','2023-05-25 01:52:52'),(1000030027,'fr','3500, chemin Cambrian','2023-05-25 01:52:52'),(1000030028,'en','1295 Colonial Road','2023-05-25 01:52:52'),(1000030028,'fr','1295, rue Colonial','2023-05-25 01:52:52'),(1000030029,'en','1701 Woodroffe Avenue','2023-05-25 01:52:52'),(1000030029,'fr','1701, avenue Woodroffe','2023-05-25 01:52:52'),(1000030030,'en','5660 Osgoode Main Street','2023-05-25 01:52:52'),(1000030030,'fr','5660, rue Osgoode Main','2023-05-25 01:52:52'),(1000030031,'en','33 Quill Street','2023-05-25 01:52:52'),(1000030031,'fr','33, rue Quill','2023-05-25 01:52:52'),(1000030032,'en','4355 Halmont Drive','2023-05-25 01:52:52'),(1000030032,'fr','4355, promenade Halmont','2023-05-25 01:52:52'),(1000030033,'en','2250 Torquay Avenue','2023-05-25 01:52:52'),(1000030033,'fr','2250, avenue Torquay','2023-05-25 01:52:52'),(1000030034,'en','930 Somerset Street West','2023-05-25 01:52:52'),(1000030034,'fr','930, rue Somerset Ouest','2023-05-25 01:52:52'),(1000030035,'en','1115 Dunning Road','2023-05-25 01:52:52'),(1000030035,'fr','1115, rue Dunning','2023-05-25 01:52:52'),(1000030036,'en','1585 Tenth Line Road','2023-05-25 01:52:52'),(1000030036,'fr','1585, chemin Tenth Line','2023-05-25 01:52:52'),(1000030037,'en','4101 Innovation Drive','2023-05-25 01:52:52'),(1000030037,'fr','4101, promenade Innovation','2023-05-25 01:52:52'),(1000030038,'en','300 Des Pères-Blancs Avenue','2023-05-25 01:52:52'),(1000030038,'fr','300, avenue des Pères-Blancs','2023-05-25 01:52:52'),(1000030039,'en','6095 Perth Street','2023-05-25 01:52:52'),(1000030039,'fr','6095, rue Perth','2023-05-25 01:52:52'),(1000030040,'en','4310 Shoreline Drive','2023-05-25 01:52:52'),(1000030040,'fr','4310, promenade Shoreline','2023-05-25 01:52:52'),(1000030041,'en','60 Mann Avenue','2023-05-25 01:52:52'),(1000030041,'fr','60, avenue Mann','2023-05-25 01:52:52'),(1000030042,'en','250 Somerset Street East','2023-05-25 01:52:52'),(1000030042,'fr','250, rue Somerset Est','2023-05-25 01:52:52'),(1000030043,'en','3380 D\'Aoust Avenue','2023-05-25 01:52:52'),(1000030043,'fr','3380, avenue D’Aoust','2023-05-25 01:52:52'),(1000030044,'en','998 Valin Street','2023-05-25 01:52:52'),(1000030044,'fr','998, rue Valin','2023-05-25 01:52:52'),(1000030045,'en','2040 Ogilvie Road','2023-05-25 01:52:52'),(1000030045,'fr','2040, chemin Ogilvie','2023-05-25 01:52:52'),(1000030046,'en','525 Côté Street','2023-05-25 01:52:52'),(1000030046,'fr','525, rue Côté','2023-05-25 01:52:52'),(1000030047,'en','141 Bayview Road','2023-05-25 01:52:52'),(1000030047,'fr','141, chemin Bayview','2023-05-25 01:52:52'),(1000030048,'en','3832 Carp Road','2023-05-25 01:52:52'),(1000030048,'fr','3832, chemin Carp','2023-05-25 01:52:52'),(1000030049,'en','100 Malvern Drive','2023-05-25 01:52:52'),(1000030049,'fr','100, promenade Malvern','2023-05-25 01:52:52'),(1000030050,'en','70 Aird Place','2023-05-25 01:52:52'),(1000030050,'fr','70, place Aird','2023-05-25 01:52:52'),(1000030051,'en','172 Guigues Avenue','2023-05-25 01:52:52'),(1000030051,'fr','172, avenue Guigues','2023-05-25 01:52:52'),(1000030052,'en','1265 Walkley Road','2023-11-25 18:11:02'),(1000030052,'fr','1265, chemin Walkley','2023-11-25 18:11:02'),(1000030053,'en','2915, avenue Haughton','2023-12-14 09:55:06'),(1000030053,'fr','100, place Charlie Rogers','2023-12-14 09:55:06'),(1000030054,'en','960 Silver Street','2024-03-23 16:07:00'),(1000030054,'fr','960, rue Silver','2024-03-23 16:07:00');
/*!40000 ALTER TABLE `language_translation` ENABLE KEYS */;
UNLOCK TABLES;